Starting atomic HYBRID enrichment (v13) of 1325 entries...
[ThreadPoolExecutor-0_0] [HYBRID] https://access.archive-ouverte.unige.ch/access/met...
[ThreadPoolExecutor-0_2] [HYBRID] http://www.stjoavignon.com/jesuites/presencejesuit...
[ThreadPoolExecutor-0_1] [HYBRID] https://www.erudit.org/fr/revues/etudfr/1995-v31-n...
[ThreadPoolExecutor-0_4] [HYBRID] https://www.sauv.net/synthreformes.htm...
[ThreadPoolExecutor-0_3] [HYBRID] https://ife.ens-lyon.fr/publications/edition-elect...
[ThreadPoolExecutor-0_2] [SUCCESS] (zotero) Anonymous (n.d.)
[ThreadPoolExecutor-0_2] [HYBRID] https://www.meijigakuin.ac.jp/gengobunka/bulletins...
[ThreadPoolExecutor-0_4] [SUCCESS] (zotero) Anonymous (n.d.)
[ThreadPoolExecutor-0_4] [HYBRID] https://shs.cairn.info/images-des-langues-langues-...
[ThreadPoolExecutor-0_1] [SUCCESS] (zotero) Anonymous (n.d.)
[ThreadPoolExecutor-0_1] [HYBRID] https://enseignement-latin.hypotheses.org/date/202...
[ThreadPoolExecutor-0_0] [HYBRID] https://www.arretetonchar.fr/wp-content/uploads/20...
[ThreadPoolExecutor-0_3] [HYBRID] https://shs.cairn.info/revue-langue-francaise-2010...
[ThreadPoolExecutor-0_4] [HYBRID] https://shs.cairn.info/revue-histoire-des-sciences...
[ThreadPoolExecutor-0_1] [SUCCESS] (zotero) Anonymous (2023)
[ThreadPoolExecutor-0_1] [HYBRID] https://shs.cairn.info/les-neologismes--9782130815...
[ThreadPoolExecutor-0_0] [HYBRID] https://media.electre-ng.com/extraits/extrait-id/d...
[ThreadPoolExecutor-0_3] [HYBRID] https://fr.wikipedia.org/wiki/Michel_Br%C3%A9al...
[ThreadPoolExecutor-0_4] [HYBRID] https://catalog.hathitrust.org/Record/100351671...
[ThreadPoolExecutor-0_1] [HYBRID] https://academiesciencesmoralesetpolitiques.fr/wp-...
[ThreadPoolExecutor-0_3] [SUCCESS] (zotero) Anonymous (2025)
[ThreadPoolExecutor-0_3] [HYBRID] https://fr.scribd.com/document/684034351/De-l-Ense...
[ThreadPoolExecutor-0_4] [HYBRID] https://shs.cairn.info/revue-le-moyen-age-2009-3-p...
[ThreadPoolExecutor-0_3] [SUCCESS] (zotero) Anonymous (n.d.)
[ThreadPoolExecutor-0_3] [HYBRID] https://www.researchgate.net/publication/267202802...
[ThreadPoolExecutor-0_0] [HYBRID] https://ife.ens-lyon.fr/publications/edition-elect...
[ThreadPoolExecutor-0_1] [HYBRID] https://ia801603.us.archive.org/12/items/leproblem...
[ThreadPoolExecutor-0_4] [HYBRID] https://ife.ens-lyon.fr/publications/edition-elect...
[ThreadPoolExecutor-0_2] [HYBRID] https://shs.cairn.info/revue-carrefours-de-l-educa...
[ThreadPoolExecutor-0_3] [HYBRID] https://archive.org/stream/revueinternatio16supgoo...
[ThreadPoolExecutor-0_2] [HYBRID] https://shs.cairn.info/article/CDLE_019_0093/pdf?l...
[ThreadPoolExecutor-0_0] [HYBRID] https://www.academie-sciences.fr/pdf/expo_sciencee...
[ThreadPoolExecutor-0_4] [HYBRID] https://scispace.com/pdf/histoire-des-methodologie...
[ThreadPoolExecutor-0_2] [HYBRID] https://shs.cairn.info/article/LFA_133_0023/pdf?la...
[ThreadPoolExecutor-0_4] [HYBRID] https://shs.cairn.info/les-revolutions-de-l-univer...
[ThreadPoolExecutor-0_0] [HYBRID] https://ife.ens-lyon.fr/publications/edition-elect...
[ThreadPoolExecutor-0_3] [SUCCESS] (zotero) Anonymous (1881)
[ThreadPoolExecutor-0_3] [HYBRID] https://www.redalyc.org/pdf/4774/477455340010.pdf...
[ThreadPoolExecutor-0_2] [HYBRID] https://www.researchgate.net/publication/318089756...
[ThreadPoolExecutor-0_4] [HYBRID] http://laicitedaccord.com/Les%20lois%20scolaires%2...
[ThreadPoolExecutor-0_2] [HYBRID] https://journals.openedition.org/histoire-educatio...
[ThreadPoolExecutor-0_0] [HYBRID] https://shs.cairn.info/revue-langue-francaise-2010...
[ThreadPoolExecutor-0_4] [HYBRID] https://shs.cairn.info/les-transferts-culturels-fr...
[ThreadPoolExecutor-0_1] [HYBRID] https://shs.cairn.info/article/HP_021_0022/pdf?lan...
[ThreadPoolExecutor-0_0] [HYBRID] http://excerpts.numilog.com/books/9782011704795.pd...
[ThreadPoolExecutor-0_2] [HYBRID] https://le-sages.org/documents/duLatinEtDuGrec.pdf...
[ThreadPoolExecutor-0_4] [HYBRID] https://fr.scribd.com/document/464806390/chiss-jea...
[ThreadPoolExecutor-0_1] [HYBRID] https://fr.scribd.com/document/686116677/Bollack-L...
[ThreadPoolExecutor-0_4] [SUCCESS] (zotero) Anonymous (n.d.)
[ThreadPoolExecutor-0_4] [HYBRID] https://shs.cairn.info/revue-histoire-de-l-educati...
[ThreadPoolExecutor-0_3] [HYBRID] http://www.germe-inform.fr/?p=1854...
[ThreadPoolExecutor-0_1] [SUCCESS] (zotero) Anonymous (n.d.)
[ThreadPoolExecutor-0_1] [HYBRID] https://shs.cairn.info/revue-le-francais-aujourd-h...
[ThreadPoolExecutor-0_4] [HYBRID] https://classiques-garnier.com/latin-et-latinite-d...
[ThreadPoolExecutor-0_1] [HYBRID] https://access.archive-ouverte.unige.ch/access/met...
[ThreadPoolExecutor-0_2] [HYBRID] http://fipf.org/sites/fipf.org/files/n52_001-176_w...
[ThreadPoolExecutor-0_3] [SUCCESS] (zotero) Anonymous (n.d.)
[ThreadPoolExecutor-0_3] [HYBRID] https://enseignement-latin.hypotheses.org/category...
[ThreadPoolExecutor-0_1] [HYBRID] https://shs.cairn.info/dictionnaire-international-...
[ThreadPoolExecutor-0_2] [HYBRID] https://shs.cairn.info/magazine-alternatives-econo...
[ThreadPoolExecutor-0_1] [HYBRID] https://blackwells.co.uk/bookshop/product/Quelques...
[ThreadPoolExecutor-0_3] [SUCCESS] (zotero) Anonymous (2015)
[ThreadPoolExecutor-0_3] [HYBRID] https://catalogue.leidenuniv.nl/discovery/fulldisp...
[ThreadPoolExecutor-0_2] [HYBRID] https://shs.cairn.info/article/HYP_151_0309/pdf?la...
[ThreadPoolExecutor-0_1] [SUCCESS] (zotero) Anonymous (n.d.)
[ThreadPoolExecutor-0_1] [HYBRID] https://ife.ens-lyon.fr/publications/edition-elect...
[ThreadPoolExecutor-0_3] [SUCCESS] (zotero) Anonymous (n.d.)
[ThreadPoolExecutor-0_3] [HYBRID] https://fr.scribd.com/document/925971694/CHERVEL-A...
[ThreadPoolExecutor-0_3] [SUCCESS] (zotero) Anonymous (n.d.)
[ThreadPoolExecutor-0_3] [HYBRID] https://shs.cairn.info/histoire-de-l-agregation--9...
[ThreadPoolExecutor-0_2] [HYBRID] https://en.wikipedia.org/wiki/Faculty_psychology...
[ThreadPoolExecutor-0_2] [SUCCESS] (zotero) Anonymous (2025)
[ThreadPoolExecutor-0_2] [HYBRID] https://www.eds-resources.com/facultytheory.htm...
[ThreadPoolExecutor-0_4] [HYBRID] https://www.ebsco.com/research-starters/psychology...
[ThreadPoolExecutor-0_3] [HYBRID] https://www.arretetonchar.fr/wp-content/uploads/20...
[ThreadPoolExecutor-0_2] [SUCCESS] (zotero) Anonymous (n.d.)
[ThreadPoolExecutor-0_2] [HYBRID] https://shs.cairn.info/revue-la-linguistique-2017-...
[ThreadPoolExecutor-0_1] [HYBRID] https://media.electre-ng.com/extraits/extrait-id/d...
[ThreadPoolExecutor-0_4] [SUCCESS] (zotero) Anonymous (n.d.)
[ThreadPoolExecutor-0_4] [HYBRID] https://shs.cairn.info/revue-le-moyen-age-2009-3-p...
[ThreadPoolExecutor-0_2] [HYBRID] https://fr.scribd.com/document/684034351/De-l-Ense...
[ThreadPoolExecutor-0_4] [HYBRID] https://docserv.uni-duesseldorf.de/servlets/Deriva...
[ThreadPoolExecutor-0_2] [SUCCESS] (zotero) Anonymous (n.d.)
[ThreadPoolExecutor-0_2] [HYBRID] https://data.bnf.fr/fr/documents-by-rdt/11893846/t...
[ThreadPoolExecutor-0_1] [HYBRID] https://academiesciencesmoralesetpolitiques.fr/wp-...
[ThreadPoolExecutor-0_2] [SUCCESS] (zotero) Anonymous (n.d.)
[ThreadPoolExecutor-0_2] [HYBRID] https://www.snuipp.fr/IMG/pdf/FSC_361_bd_2_.pdf...
[ThreadPoolExecutor-0_3] [HYBRID] https://shs.cairn.info/revue-administration-et-edu...
[ThreadPoolExecutor-0_4] [HYBRID] https://shs.cairn.info/article/DEBA_187_0169/pdf?l...
[ThreadPoolExecutor-0_1] [HYBRID] https://images-des-maths.pages.math.cnrs.fr/freeze...
[ThreadPoolExecutor-0_3] [HYBRID] https://www.fabula.org/ressources/atelier/?Barr%26...
[ThreadPoolExecutor-0_4] [HYBRID] http://michel.delord.free.fr/banff.pdf...
[ThreadPoolExecutor-0_1] [SUCCESS] (zotero) Anonymous (n.d.)
[ThreadPoolExecutor-0_1] [HYBRID] https://www.researchgate.net/publication/374894869...
[ThreadPoolExecutor-0_2] [HYBRID] https://ife.ens-lyon.fr/publications/edition-elect...
[ThreadPoolExecutor-0_3] [SUCCESS] (zotero) Fabula, Équipe de recherche (n.d.)
[ThreadPoolExecutor-0_3] [HYBRID] https://www.researchgate.net/publication/267202802...
[ThreadPoolExecutor-0_1] [HYBRID] https://www.furet.com/media/pdf/feuilletage/9/7/8/...
[ThreadPoolExecutor-0_4] [HYBRID] https://revistaabalf.com.br/index.html/index.php/r...
[ThreadPoolExecutor-0_3] [HYBRID] https://www.berlitzhautsdefrance.fr/histoire-de-be...
[ThreadPoolExecutor-0_2] [HYBRID] https://www.berlitznouvelleaquitaine.fr/la-methode...
[ThreadPoolExecutor-0_1] [HYBRID] https://journals.openedition.org/dhfles/pdf/7868...
[ThreadPoolExecutor-0_3] [SUCCESS] (zotero) Anonymous (n.d.)
[ThreadPoolExecutor-0_3] [HYBRID] https://www.calepinus.net/store/en/philology-greek...
[ThreadPoolExecutor-0_2] [SUCCESS] (zotero) Anonymous (n.d.)
[ThreadPoolExecutor-0_2] [HYBRID] https://www.chasse-aux-livres.fr/prix/2226106790/l...
[ThreadPoolExecutor-0_2] [SUCCESS] (zotero) Anonymous (n.d.)
[ThreadPoolExecutor-0_2] [HYBRID] https://enseignement-latin.hypotheses.org/tag/dist...
[ThreadPoolExecutor-0_4] [HYBRID] https://fr.scribd.com/document/747472862/Bourdieu-...
[ThreadPoolExecutor-0_4] [SUCCESS] (zotero) Anonymous (n.d.)
[ThreadPoolExecutor-0_4] [HYBRID] https://www.pedagogie.ac-nantes.fr/medias/fichier/...
[ThreadPoolExecutor-0_1] [HYBRID] https://www2.assemblee-nationale.fr/decouvrir-l-as...
[ThreadPoolExecutor-0_2] [SUCCESS] (zotero) Anonymous (2015)
[ThreadPoolExecutor-0_2] [HYBRID] http://www.germe-inform.fr/?p=1854...
[ThreadPoolExecutor-0_1] [SUCCESS] (zotero) Anonymous (n.d.)
[ThreadPoolExecutor-0_1] [HYBRID] https://shs.cairn.info/revue-cahiers-jaures-2024-1...
[ThreadPoolExecutor-0_1] [HYBRID] https://scispace.com/pdf/l-enseignement-secondaire...
[ThreadPoolExecutor-0_2] [SUCCESS] (zotero) Anonymous (n.d.)
[ThreadPoolExecutor-0_2] [HYBRID] https://www.researchgate.net/publication/302555743...
[ThreadPoolExecutor-0_4] [HYBRID] https://cab.unime.it/journals/index.php/argo/artic...
[ThreadPoolExecutor-0_1] [HYBRID] https://shs.cairn.info/article/CDLE_041_0031/pdf?l...
[ThreadPoolExecutor-0_3] [SUCCESS] (zotero) Anonymous (n.d.)
[ThreadPoolExecutor-0_3] [HYBRID] https://www.powells.com/book/la-question-du-latin-...
[ThreadPoolExecutor-0_2] [HYBRID] https://archive.org/download/lalogiquechezlen00que...
[ThreadPoolExecutor-0_1] [HYBRID] https://shs.cairn.info/homo-historicus--9782200283...
[ThreadPoolExecutor-0_1] [HYBRID] https://qinnova.uned.es/archivos_publicos/qweb_pag...
[ThreadPoolExecutor-0_4] [HYBRID] https://ife.ens-lyon.fr/publications/edition-elect...
[ThreadPoolExecutor-0_3] [SUCCESS] (zotero) Books, Powell's (n.d.)
[ThreadPoolExecutor-0_3] [HYBRID] https://shs.cairn.info/revue-le-francais-aujourd-h...
[ThreadPoolExecutor-0_1] [HYBRID] https://cercamon.net/2010/01/02/pierre-bourdieu-et...
[ThreadPoolExecutor-0_3] [HYBRID] https://fr.scribd.com/document/439775324/Stereotyp...
[ThreadPoolExecutor-0_4] [HYBRID] https://www.cnesco.fr/wp-content/uploads/2016/09/d...
[ThreadPoolExecutor-0_3] [SUCCESS] (zotero) Anonymous (n.d.)
[ThreadPoolExecutor-0_3] [HYBRID] https://www.fabula.org/ressources/atelier/?Bergson...
[ThreadPoolExecutor-0_1] [SUCCESS] (zotero) Anonymous (2010)
[ThreadPoolExecutor-0_1] [HYBRID] https://shs.cairn.info/article/CDLE_041_0031/pdf?l...
[ThreadPoolExecutor-0_1] [HYBRID] https://www.hollt.net/uploads/7/3/1/6/7316005/appe...
[ThreadPoolExecutor-0_3] [SUCCESS] (zotero) Fabula, Équipe de recherche (n.d.)
[ThreadPoolExecutor-0_3] [HYBRID] https://gilleskuitche.e-monsite.com/medias/files/h...
[ThreadPoolExecutor-0_1] [HYBRID] https://www.pedocs.de/volltexte/2015/10788/pdf/SZB...
[ThreadPoolExecutor-0_4] [HYBRID] https://www.fabula.org/ressources/atelier/?Bergson...
[ThreadPoolExecutor-0_2] [HYBRID] https://scispace.com/pdf/histoire-des-methodologie...
[ThreadPoolExecutor-0_3] [HYBRID] https://blackwells.co.uk/bookshop/product/De-LEnse...
[ThreadPoolExecutor-0_4] [SUCCESS] (zotero) Fabula, Équipe de recherche (n.d.)
[ThreadPoolExecutor-0_4] [HYBRID] https://fr.scribd.com/document/684034351/De-l-Ense...
[ThreadPoolExecutor-0_2] [HYBRID] https://www.researchgate.net/publication/267202802...
[ThreadPoolExecutor-0_4] [SUCCESS] (zotero) Anonymous (n.d.)
[ThreadPoolExecutor-0_4] [HYBRID] https://s9577412bcd03c8a2.jimcontent.com/download/...
[ThreadPoolExecutor-0_1] [HYBRID] https://www.researchgate.net/publication/354047750...
[ThreadPoolExecutor-0_2] [HYBRID] https://journals.openedition.org/dhfles/pdf/7577...
[ThreadPoolExecutor-0_3] [SUCCESS] (zotero) Anonymous (n.d.)
[ThreadPoolExecutor-0_3] [HYBRID] https://shs.cairn.info/revue-etudes-balkaniques-ca...
[ThreadPoolExecutor-0_1] [HYBRID] https://academiesciencesmoralesetpolitiques.fr/wp-...
[ThreadPoolExecutor-0_4] [HYBRID] https://web.stanford.edu/\~eckert/Courses/ParisPap...
[ThreadPoolExecutor-0_3] [HYBRID] http://www.mapageweb.umontreal.ca/tuitekj/cours/26...
[ThreadPoolExecutor-0_1] [HYBRID] https://shs.cairn.info/revue-carrefours-de-l-educa...
[ThreadPoolExecutor-0_2] [HYBRID] https://eclass.uoa.gr/modules/document/file.php/FR...
[ThreadPoolExecutor-0_1] [HYBRID] https://cab.unime.it/journals/index.php/argo/artic...
[ThreadPoolExecutor-0_4] [HYBRID] http://www.germe-inform.fr/?p=1854...
[ThreadPoolExecutor-0_4] [SUCCESS] (zotero) Anonymous (n.d.)
[ThreadPoolExecutor-0_4] [HYBRID] https://www.meijigakuin.ac.jp/gengobunka/bulletins...
[ThreadPoolExecutor-0_1] [HYBRID] https://classiques.uqam.ca/classiques/seignobos_ch...
[ThreadPoolExecutor-0_3] [HYBRID] https://heiup.uni-heidelberg.de/user/setLocale/en?...
[ThreadPoolExecutor-0_2] [HYBRID] http://www.revue-interrogations.org/pierre-bourdie...
[ThreadPoolExecutor-0_1] [HYBRID] https://ife.ens-lyon.fr/publications/edition-elect...
[ThreadPoolExecutor-0_3] [SUCCESS] (zotero) Mishliborsky, Noga (n.d.)
[ThreadPoolExecutor-0_3] [HYBRID] https://www.unige.ch/fapse/life/archives/livres/al...
[ThreadPoolExecutor-0_3] [SUCCESS] (zotero) Anonymous (n.d.)
[ThreadPoolExecutor-0_3] [HYBRID] https://www.meijigakuin.ac.jp/gengobunka/bulletins...
[ThreadPoolExecutor-0_1] [HYBRID] https://www.innovation-pedagogique.fr/article11895...
[ThreadPoolExecutor-0_4] [HYBRID] https://enseignement-latin.hypotheses.org/tag/bour...
[ThreadPoolExecutor-0_2] [SUCCESS] (zotero) Anonymous (2013)
[ThreadPoolExecutor-0_2] [HYBRID] https://fr.scribd.com/document/747472862/Bourdieu-...
[ThreadPoolExecutor-0_1] [SUCCESS] (zotero) Anonymous (n.d.)
[ThreadPoolExecutor-0_1] [HYBRID] http://digamo.free.fr/bourdieu70.pdf...
[ThreadPoolExecutor-0_2] [SUCCESS] (zotero) Anonymous (n.d.)
[ThreadPoolExecutor-0_2] [HYBRID] https://www.eyrolles.com/Loisirs/Livre/le-latin-ou...
[ThreadPoolExecutor-0_4] [SUCCESS] (zotero) Anonymous (2014)
[ThreadPoolExecutor-0_4] [HYBRID] https://shs.cairn.info/revue-le-francais-aujourd-h...
[ThreadPoolExecutor-0_4] [HYBRID] https://shs.cairn.info/pierre-bourdieu-un-structur...
[ThreadPoolExecutor-0_3] [HYBRID] https://www.fabula.org/ressources/atelier/?Bergson...
[ThreadPoolExecutor-0_4] [HYBRID] https://s9577412bcd03c8a2.jimcontent.com/download/...
[ThreadPoolExecutor-0_1] [HYBRID] https://qinnova.uned.es/archivos_publicos/qweb_pag...
[ThreadPoolExecutor-0_0] [HYBRID] https://archive.org/stream/bulletinofpublic7188bos...
[ThreadPoolExecutor-0_3] [SUCCESS] (zotero) Fabula, Équipe de recherche (n.d.)
[ThreadPoolExecutor-0_3] [HYBRID] https://www.calameo.com/books/001898804f4b9f34094a...
[ThreadPoolExecutor-0_4] [HYBRID] https://www.ens.psl.eu/IMG/file/concours/2011/AL/g...
[ThreadPoolExecutor-0_2] [SUCCESS] (zotero) Anonymous (n.d.)
[ThreadPoolExecutor-0_2] [HYBRID] https://lirias.kuleuven.be/retrieve/e0ebe81a-d771-...
[ThreadPoolExecutor-0_3] [SUCCESS] (zotero) Anonymous (n.d.)
[ThreadPoolExecutor-0_3] [HYBRID] https://apothesis.eap.gr/archive/download/af072a4c...
[ThreadPoolExecutor-0_1] [HYBRID] https://www.politika.io/fr/article/noblesse-detat-...
[ThreadPoolExecutor-0_4] [HYBRID] https://excerpts.numilog.com/books/9782707312785.p...
[ThreadPoolExecutor-0_2] [HYBRID] https://www.legifrance.gouv.fr/loda/id/JORFTEXT000...
[ThreadPoolExecutor-0_1] [SUCCESS] (zotero) Anonymous (n.d.)
[ThreadPoolExecutor-0_1] [HYBRID] https://ife.ens-lyon.fr/publications/edition-elect...
[ThreadPoolExecutor-0_0] [SUCCESS] (zotero) Anonymous (1867)
[ThreadPoolExecutor-0_0] [HYBRID] https://www.leseditionsdeminuit.fr/livre-La_Nobles...
[ThreadPoolExecutor-0_2] [HYBRID] https://classiques.uqam.ca/contemporains/Desanti_R...
[ThreadPoolExecutor-0_1] [HYBRID] https://www.editions-retz.com/andre-chervel.html...
[ThreadPoolExecutor-0_0] [SUCCESS] (zotero) Anonymous (n.d.)
[ThreadPoolExecutor-0_0] [HYBRID] https://ife.ens-lyon.fr/publications/edition-elect...
[ThreadPoolExecutor-0_4] [HYBRID] https://catalogue.leidenuniv.nl/discovery/fulldisp...
[ThreadPoolExecutor-0_1] [SUCCESS] (zotero) Anonymous (n.d.)
[ThreadPoolExecutor-0_1] [HYBRID] https://www.eds-resources.com/facultytheory.htm...
[ThreadPoolExecutor-0_4] [SUCCESS] (zotero) Anonymous (n.d.)
[ThreadPoolExecutor-0_4] [HYBRID] https://www.britannica.com/science/pedagogy/Teachi...
[ThreadPoolExecutor-0_0] [HYBRID] https://researchmap.jp/g0000216044/published_paper...
[ThreadPoolExecutor-0_2] [HYBRID] https://dialnet.unirioja.es/descarga/articulo/6417...
[ThreadPoolExecutor-0_1] [SUCCESS] (zotero) Anonymous (n.d.)
[ThreadPoolExecutor-0_1] [HYBRID] https://ldweeks.gitbooks.io/a-student-s-history-of...
[ThreadPoolExecutor-0_4] [HYBRID] https://www.cam.ac.uk/research/news/selfish-brain-...
[ThreadPoolExecutor-0_1] [SUCCESS] (zotero) Anonymous (n.d.)
[ThreadPoolExecutor-0_1] [HYBRID] https://en.wikipedia.org/wiki/History_of_psycholog...
[ThreadPoolExecutor-0_4] [SUCCESS] (zotero) Anonymous (2017)
[ThreadPoolExecutor-0_4] [HYBRID] https://en.wikipedia.org/wiki/Transfer_of_learning...
[ThreadPoolExecutor-0_2] [HYBRID] https://archives.ecole-alsacienne.org/IMG/pdf/Prem...
[ThreadPoolExecutor-0_4] [SUCCESS] (zotero) Anonymous (2023)
[ThreadPoolExecutor-0_4] [HYBRID] https://psychclassics.yorku.ca/Thorndike/Transfer/...
[ThreadPoolExecutor-0_3] [HYBRID] https://files.eric.ed.gov/fulltext/EJ1217940.pdf...
[ThreadPoolExecutor-0_4] [SUCCESS] (zotero) Anonymous (n.d.)
[ThreadPoolExecutor-0_4] [HYBRID] https://edkardas.com/Courses/LearningBehavior/thor...
[ThreadPoolExecutor-0_1] [SUCCESS] (zotero) Anonymous (2025)
[ThreadPoolExecutor-0_1] [HYBRID] https://rapunselshair.pbworks.com/f/barnett_2002.p...
[ThreadPoolExecutor-0_4] [SUCCESS] (zotero) Anonymous (n.d.)
[ThreadPoolExecutor-0_4] [HYBRID] https://files.eric.ed.gov/fulltext/EJ1061961.pdf...
[ThreadPoolExecutor-0_3] [HYBRID] https://mcl.as.uky.edu/cla-benefits-latin...
[ThreadPoolExecutor-0_2] [HYBRID] https://www.humanities.ox.ac.uk/article/how-learni...
[ThreadPoolExecutor-0_4] [HYBRID] https://users.ugent.be/\~wduyck/articles/HauspieDu...
[ThreadPoolExecutor-0_3] [SUCCESS] (zotero) Anonymous (n.d.)
[ThreadPoolExecutor-0_3] [HYBRID] https://www.researchgate.net/publication/391384538...
[ThreadPoolExecutor-0_3] [HYBRID] https://www.researchgate.net/publication/385990896...
[ThreadPoolExecutor-0_2] [SUCCESS] (zotero) Anonymous (n.d.)
[ThreadPoolExecutor-0_2] [HYBRID] https://users.ugent.be/\~wduyck/articles/HauspieDu...
[ThreadPoolExecutor-0_0] [HYBRID] https://www.houstonmethodist.org/blog/articles/202...
[ThreadPoolExecutor-0_4] [HYBRID] https://www.bobspunt.com/papers/pdf/Spunt_Adolphs_...
[ThreadPoolExecutor-0_3] [HYBRID] https://brainlang.georgetown.edu/research/declarat...
[ThreadPoolExecutor-0_1] [HYBRID] https://www.researchgate.net/publication/299037708...
[ThreadPoolExecutor-0_0] [SUCCESS] (zotero) Anonymous (n.d.)
[ThreadPoolExecutor-0_0] [HYBRID] https://www.cochranelibrary.com/cdsr/doi/10.1002/1...
[ThreadPoolExecutor-0_2] [HYBRID] https://education.nsw.gov.au/content/dam/main-educ...
[ThreadPoolExecutor-0_4] [HYBRID] https://en.wikipedia.org/wiki/Cognitive_load...
[ThreadPoolExecutor-0_1] [HYBRID] https://edtechdev.wordpress.com/2009/11/16/cogniti...
[ThreadPoolExecutor-0_3] [SUCCESS] (zotero) Anonymous (n.d.)
[ThreadPoolExecutor-0_3] [HYBRID] https://ijee.org/assets/docs/25.87102648.pdf...
[ThreadPoolExecutor-0_1] [SUCCESS] (zotero) Anonymous (2009)
[ThreadPoolExecutor-0_1] [HYBRID] https://www.researchgate.net/publication/362251122...
[ThreadPoolExecutor-0_4] [SUCCESS] (zotero) Anonymous (2026)
[ThreadPoolExecutor-0_4] [HYBRID] https://files.eric.ed.gov/fulltext/EJ887873.pdf...
[ThreadPoolExecutor-0_1] [HYBRID] https://www.researchgate.net/publication/248424656...
[ThreadPoolExecutor-0_1] [HYBRID] https://www.sdkrashen.com/content/books/principles...
[ThreadPoolExecutor-0_4] [HYBRID] https://www.britannica.com/science/mental-discipli...
[ThreadPoolExecutor-0_0] [HYBRID] https://www.nationalacademies.org/read/9853/chapte...
[ThreadPoolExecutor-0_4] [HYBRID] https://edtechbooks.org/democracyandeducation/prep...
[ThreadPoolExecutor-0_3] [HYBRID] https://files.eric.ed.gov/fulltext/EJ1217940.pdf...
[ThreadPoolExecutor-0_4] [SUCCESS] (zotero) Anonymous (n.d.)
[ThreadPoolExecutor-0_4] [HYBRID] https://online.ucpress.edu/collabra/article/5/1/18...
[ThreadPoolExecutor-0_1] [HYBRID] https://www.researchgate.net/publication/385990896...
[ThreadPoolExecutor-0_3] [HYBRID] https://ife.ens-lyon.fr/publications/edition-elect...
[ThreadPoolExecutor-0_4] [HYBRID] http://xn--michel-bral-gesellschaft-jfc.de/wp-cont...
[ThreadPoolExecutor-0_1] [HYBRID] https://en.wikipedia.org/wiki/Transfer_of_learning...
[ThreadPoolExecutor-0_2] [HYBRID] https://psychclassics.yorku.ca/Thorndike/Transfer/...
[ThreadPoolExecutor-0_1] [SUCCESS] (zotero) Anonymous (2023)
[ThreadPoolExecutor-0_1] [HYBRID] https://gwern.net/doc/psychology/spaced-repetition...
[ThreadPoolExecutor-0_3] [HYBRID] https://scispace.com/pdf/the-benefits-of-latin-3zl...
[ThreadPoolExecutor-0_2] [SUCCESS] (zotero) Anonymous (n.d.)
[ThreadPoolExecutor-0_2] [HYBRID] https://www.researchgate.net/publication/229477834...
[ThreadPoolExecutor-0_4] [HYBRID] https://users.ugent.be/\~wduyck/articles/VereeckJa...
[ThreadPoolExecutor-0_2] [HYBRID] https://www.nifdi.org/resources/hempenstall-blog/7...
[ThreadPoolExecutor-0_0] [HYBRID] https://ethz.ch/content/dam/ethz/special-interest/...
[ThreadPoolExecutor-0_3] [HYBRID] https://core.ac.uk/download/pdf/144851496.pdf...
[ThreadPoolExecutor-0_4] [HYBRID] https://eclass.uoa.gr/modules/document/file.php/GS...
[ThreadPoolExecutor-0_0] [HYBRID] https://bpb-us-w2.wpmucdn.com/sites.udel.edu/dist/...
[ThreadPoolExecutor-0_0] [SUCCESS] (zotero) Anonymous (n.d.)
[ThreadPoolExecutor-0_0] [HYBRID] https://jnc.psychopen.eu/index.php/jnc/article/vie...
[ThreadPoolExecutor-0_4] [HYBRID] https://www.researchgate.net/publication/27283477_...
[ThreadPoolExecutor-0_1] [HYBRID] https://cercamon.net/2010/01/02/pierre-bourdieu-et...
[ThreadPoolExecutor-0_4] [HYBRID] https://jrawski.info/publication/dsr-2022-mathchap...
[ThreadPoolExecutor-0_1] [SUCCESS] (zotero) Anonymous (2010)
[ThreadPoolExecutor-0_1] [HYBRID] https://aclanthology.org/2025.acl-long.1213.pdf...
[ThreadPoolExecutor-0_4] [HYBRID] https://brill.com/view/journals/cose/6/2/article-p...
[ThreadPoolExecutor-0_2] [HYBRID] https://www.emergentmind.com/topics/natural-langua...
[ThreadPoolExecutor-0_0] [HYBRID] https://ai.stackexchange.com/questions/47613/is-na...
[ThreadPoolExecutor-0_4] [SUCCESS] (zotero) Anonymous (n.d.)
[ThreadPoolExecutor-0_4] [HYBRID] https://en.wikipedia.org/wiki/Cognitive_load...
[ThreadPoolExecutor-0_0] [HYBRID] https://terrytao.wordpress.com/career-advice/there...
[ThreadPoolExecutor-0_2] [HYBRID] https://www.reddit.com/r/programming/comments/1kel...
[ThreadPoolExecutor-0_1] [HYBRID] https://www.polisjerusalem.org/resource/speaking-a...
[ThreadPoolExecutor-0_4] [SUCCESS] (zotero) Anonymous (2026)
[ThreadPoolExecutor-0_4] [HYBRID] https://www.polisjerusalem.org/resource/speaking-a...
[ThreadPoolExecutor-0_0] [SUCCESS] (zotero) Anonymous (2007)
[ThreadPoolExecutor-0_0] [HYBRID] https://www.polisjerusalem.org/about/the-polis-met...
[ThreadPoolExecutor-0_2] [HYBRID] https://www.mextesol.net/journal/index.php?page=jo...
[ThreadPoolExecutor-0_2] [SUCCESS] (zotero) Anonymous (n.d.)
[ThreadPoolExecutor-0_2] [HYBRID] https://www.studysmarter.co.uk/explanations/englis...
[ThreadPoolExecutor-0_1] [HYBRID] https://www.researchgate.net/publication/239928724...
[ThreadPoolExecutor-0_4] [HYBRID] https://s9577412bcd03c8a2.jimcontent.com/download/...
[ThreadPoolExecutor-0_0] [HYBRID] https://enseignement-latin.hypotheses.org/files/20...
[ThreadPoolExecutor-0_1] [HYBRID] https://www.lambert-lucas.com/livre/histoire-de-la...
[ThreadPoolExecutor-0_2] [SUCCESS] (zotero) Anonymous (n.d.)
[ThreadPoolExecutor-0_2] [HYBRID] https://shs.cairn.info/publications-de-andre-cherv...
[ThreadPoolExecutor-0_0] [HYBRID] https://archives-statistiques-depp.education.gouv....
[ThreadPoolExecutor-0_1] [SUCCESS] (zotero) Anonymous (n.d.)
[ThreadPoolExecutor-0_1] [HYBRID] https://enseignement-latin.hypotheses.org/tag/dist...
[ThreadPoolExecutor-0_2] [HYBRID] https://paris8-omekas.s3.nl-ams.scw.cloud/original...
[ThreadPoolExecutor-0_0] [HYBRID] https://shs.cairn.info/la-rationalite-des-decision...
[ThreadPoolExecutor-0_3] [HYBRID] https://dspace.library.uvic.ca/bitstream/handle/18...
[ThreadPoolExecutor-0_4] [HYBRID] https://edtechbooks.org/encyclopedia/cognitive_loa...
[ThreadPoolExecutor-0_1] [SUCCESS] (zotero) Anonymous (2015)
[ThreadPoolExecutor-0_1] [HYBRID] https://www.researchgate.net/publication/398509161...
[ThreadPoolExecutor-0_0] [HYBRID] https://en.wikipedia.org/wiki/Cognitive_load...
[ThreadPoolExecutor-0_4] [SUCCESS] (zotero) Anonymous (n.d.)
[ThreadPoolExecutor-0_4] [HYBRID] https://my.chartered.college/impact_article/cognit...
[ThreadPoolExecutor-0_1] [HYBRID] https://www.emrahakman.com/wp-content/uploads/2024...
[ThreadPoolExecutor-0_0] [SUCCESS] (zotero) Anonymous (2026)
[ThreadPoolExecutor-0_0] [HYBRID] https://eprints.soton.ac.uk/447520/1/LIBRARY_COPY_...
[ThreadPoolExecutor-0_2] [HYBRID] https://www.researchgate.net/publication/329219068...
[ThreadPoolExecutor-0_2] [HYBRID] https://digitalcommons.liberty.edu/cgi/viewcontent...
[ThreadPoolExecutor-0_0] [HYBRID] https://huskiecommons.lib.niu.edu/cgi/viewcontent....
[ThreadPoolExecutor-0_2] [SUCCESS] (zotero) Anonymous (n.d.)
[ThreadPoolExecutor-0_2] [HYBRID] https://core.ac.uk/download/pdf/17050043.pdf...
[ThreadPoolExecutor-0_0] [SUCCESS] (zotero) Anonymous (n.d.)
[ThreadPoolExecutor-0_0] [HYBRID] http://reports-archive.adm.cs.cmu.edu/anon/hcii/CM...
[ThreadPoolExecutor-0_1] [HYBRID] https://www.davidlewisphd.com/courses/EDD8121/read...
[ThreadPoolExecutor-0_3] [HYBRID] https://aare.edu.au/data/publications/1997/yeuna15...
[ThreadPoolExecutor-0_4] [SUCCESS] (zotero) Shibli, Dominic and West, Rachel (n.d.)
[ThreadPoolExecutor-0_4] [HYBRID] https://pdfs.semanticscholar.org/c7a4/f586fd6df3ab...
[ThreadPoolExecutor-0_4] [HYBRID] https://www.wgtn.ac.nz/lals/resources/paul-nations...
[ThreadPoolExecutor-0_1] [HYBRID] https://scholarspace.manoa.hawaii.edu/server/api/c...
[ThreadPoolExecutor-0_4] [HYBRID] https://www.researchgate.net/publication/245539173...
[ThreadPoolExecutor-0_4] [HYBRID] https://cris.unibo.it/retrieve/ab6ec605-8241-40bc-...
[ThreadPoolExecutor-0_3] [HYBRID] https://www.researchgate.net/publication/362251122...
[ThreadPoolExecutor-0_3] [HYBRID] http://ndl.ethernet.edu.et/bitstream/123456789/587...
[ThreadPoolExecutor-0_4] [HYBRID] https://digitalcommons.hamline.edu/cgi/viewcontent...
[ThreadPoolExecutor-0_4] [SUCCESS] (zotero) Anonymous (n.d.)
[ThreadPoolExecutor-0_4] [HYBRID] https://digitalcommons.liberty.edu/cgi/viewcontent...
[ThreadPoolExecutor-0_1] [HYBRID] https://www.cnesco.fr/wp-content/uploads/2019/04/1...
[ThreadPoolExecutor-0_4] [SUCCESS] (zotero) Anonymous (n.d.)
[ThreadPoolExecutor-0_4] [HYBRID] https://correspo.ccdmd.qc.ca/wp-content/uploads/20...
[ThreadPoolExecutor-0_3] [HYBRID] https://www.erudit.org/fr/revues/nrsc/2021-n14-nrs...
[ThreadPoolExecutor-0_1] [HYBRID] https://clara-bosakschroeder.squarespace.com/s/CBS...
[ThreadPoolExecutor-0_3] [SUCCESS] (zotero) Anonymous (n.d.)
[ThreadPoolExecutor-0_3] [HYBRID] https://www.reddit.com/r/latin/comments/1mccrr0/do...
[ThreadPoolExecutor-0_3] [HYBRID] https://thepatrologist.com/category/pedagogy/...
[ThreadPoolExecutor-0_4] [HYBRID] https://www.polyglotgathering.com/2025/img/speaker...
[ThreadPoolExecutor-0_1] [HYBRID] https://dokumen.pub/communicative-approaches-for-a...
[ThreadPoolExecutor-0_3] [SUCCESS] (zotero) Anonymous (n.d.)
[ThreadPoolExecutor-0_3] [HYBRID] https://www.cambridge.org/core/services/aop-cambri...
[ThreadPoolExecutor-0_4] [HYBRID] https://www.utupub.fi/bitstream/10024/182229/1/GRA...
[ThreadPoolExecutor-0_1] [HYBRID] https://www.education-progress.org/de/focus/24-rea...
[ThreadPoolExecutor-0_3] [HYBRID] https://sites.lsa.umich.edu/jeboland-lab/wp-conten...
[ThreadPoolExecutor-0_1] [SUCCESS] (zotero) Anonymous (n.d.)
[ThreadPoolExecutor-0_1] [HYBRID] https://www.researchgate.net/publication/228649463...
[ThreadPoolExecutor-0_3] [HYBRID] http://ndl.ethernet.edu.et/bitstream/123456789/544...
[ThreadPoolExecutor-0_1] [HYBRID] https://frenchteachernet.blogspot.com/2017/04/what...
[ThreadPoolExecutor-0_4] [HYBRID] https://www.polyu.edu.hk/cbs/rclcn/images/cdl_arti...
[ThreadPoolExecutor-0_1] [HYBRID] https://brainlang.georgetown.edu/research/declarat...
[ThreadPoolExecutor-0_1] [SUCCESS] (zotero) Anonymous (n.d.)
[ThreadPoolExecutor-0_1] [HYBRID] https://acesin.letras.ufrj.br/wp-content/uploads/2...
[ThreadPoolExecutor-0_3] [HYBRID] https://bpb-us-w2.wpmucdn.com/sites.udel.edu/dist/...
[ThreadPoolExecutor-0_3] [SUCCESS] (zotero) Anonymous (n.d.)
[ThreadPoolExecutor-0_3] [HYBRID] https://core.ac.uk/download/pdf/144851496.pdf...
[ThreadPoolExecutor-0_1] [HYBRID] https://englishforbeachpurposes.files.wordpress.co...
[ThreadPoolExecutor-0_4] [HYBRID] https://en.wikipedia.org/wiki/Procedural_memory...
[ThreadPoolExecutor-0_4] [SUCCESS] (zotero) Anonymous (2025)
[ThreadPoolExecutor-0_4] [HYBRID] https://ski.clps.brown.edu/papers/AtallahFrankORei...
[ThreadPoolExecutor-0_1] [HYBRID] https://psychology.columbia.edu/sites/psychology.c...
[ThreadPoolExecutor-0_4] [HYBRID] https://academic.oup.com/applij/article/42/4/668/6...
[ThreadPoolExecutor-0_2] [HYBRID] https://en.wikipedia.org/wiki/Cognitive_load...
[ThreadPoolExecutor-0_4] [HYBRID] https://set.et-foundation.co.uk/resources/the-impo...
[ThreadPoolExecutor-0_2] [SUCCESS] (zotero) Anonymous (2026)
[ThreadPoolExecutor-0_2] [HYBRID] https://sites.lsa.umich.edu/nickellis-new/wp-conte...
[ThreadPoolExecutor-0_4] [SUCCESS] (zotero) Anonymous (n.d.)
[ThreadPoolExecutor-0_4] [HYBRID] https://www.sdkrashen.com/content/books/principles...
[ThreadPoolExecutor-0_1] [HYBRID] https://www.emrahakman.com/wp-content/uploads/2024...
[ThreadPoolExecutor-0_2] [HYBRID] http://ndl.ethernet.edu.et/bitstream/123456789/544...
[ThreadPoolExecutor-0_4] [HYBRID] https://en.wikipedia.org/wiki/Split_attention_effe...
[ThreadPoolExecutor-0_3] [HYBRID] https://files.eric.ed.gov/fulltext/EJ848307.pdf...
[ThreadPoolExecutor-0_4] [SUCCESS] (zotero) Anonymous (2025)
[ThreadPoolExecutor-0_4] [HYBRID] https://contact.teslontario.org/cognitive-load-the...
[ThreadPoolExecutor-0_4] [SUCCESS] (zotero) Anonymous (2017)
[ThreadPoolExecutor-0_4] [HYBRID] https://www.wgtn.ac.nz/lals/resources/paul-nations...
[ThreadPoolExecutor-0_3] [HYBRID] https://scholarspace.manoa.hawaii.edu/server/api/c...
[ThreadPoolExecutor-0_1] [HYBRID] https://www.scienceguide.nl/wp-content/uploads/201...
[ThreadPoolExecutor-0_2] [HYBRID] https://files.eric.ed.gov/fulltext/EJ887873.pdf...
[ThreadPoolExecutor-0_4] [HYBRID] https://digitalcommons.liberty.edu/cgi/viewcontent...
[ThreadPoolExecutor-0_4] [SUCCESS] (zotero) Anonymous (n.d.)
[ThreadPoolExecutor-0_4] [HYBRID] https://www.polyglottistlanguageacademy.com/langua...
[ThreadPoolExecutor-0_2] [HYBRID] https://files.eric.ed.gov/fulltext/EJ912917.pdf...
[ThreadPoolExecutor-0_1] [HYBRID] https://d.lib.msu.edu/etd/50877...
[ThreadPoolExecutor-0_4] [SUCCESS] (zotero) Anonymous (n.d.)
[ThreadPoolExecutor-0_4] [HYBRID] https://en.wikipedia.org/wiki/Interface_position...
[ThreadPoolExecutor-0_2] [HYBRID] https://en.wikipedia.org/wiki/Input_hypothesis...
[ThreadPoolExecutor-0_4] [SUCCESS] (zotero) Anonymous (2023)
[ThreadPoolExecutor-0_4] [HYBRID] https://dash.harvard.edu/bitstreams/387ecd28-7702-...
[ThreadPoolExecutor-0_2] [SUCCESS] (zotero) Anonymous (2025)
[ThreadPoolExecutor-0_2] [HYBRID] https://www.researchpublish.com/upload/book/A%20CO...
[ThreadPoolExecutor-0_1] [HYBRID] https://www.reddit.com/r/latin/comments/gvqjfh/gra...
[ThreadPoolExecutor-0_1] [HYBRID] https://education.nsw.gov.au/content/dam/main-educ...
[ThreadPoolExecutor-0_3] [HYBRID] https://tcl.camws.org/sites/default/files/TCL%20Sp...
[ThreadPoolExecutor-0_2] [HYBRID] https://digitalcommons.liberty.edu/cgi/viewcontent...
[ThreadPoolExecutor-0_4] [HYBRID] https://files.eric.ed.gov/fulltext/ED424752.pdf...
[ThreadPoolExecutor-0_2] [SUCCESS] (zotero) Anonymous (n.d.)
[ThreadPoolExecutor-0_2] [HYBRID] https://web.pdx.edu/~fischerw/courses/advanced/met...
[ThreadPoolExecutor-0_4] [HYBRID] https://repositori.upf.edu/bitstream/handle/10230/...
[ThreadPoolExecutor-0_2] [HYBRID] https://www.sdkrashen.com/content/books/principles...
[ThreadPoolExecutor-0_3] [HYBRID] https://www.academypublication.com/issues2/tpls/vo...
[ThreadPoolExecutor-0_1] [HYBRID] https://en.wikipedia.org/wiki/Input_hypothesis...
[ThreadPoolExecutor-0_2] [HYBRID] https://krashenstheory.home.blog/2018/12/04/the-mo...
[ThreadPoolExecutor-0_1] [SUCCESS] (zotero) Anonymous (2025)
[ThreadPoolExecutor-0_1] [HYBRID] https://www.ebcteflcourse.com/stephen-krashens-the...
[ThreadPoolExecutor-0_2] [SUCCESS] (zotero) Anonymous (2018)
[ThreadPoolExecutor-0_2] [HYBRID] https://sdkrashen.com/content/articles/krashen_sla...
[ThreadPoolExecutor-0_3] [HYBRID] https://fluencyfast.com/wp-content/uploads/Lichtma...
[ThreadPoolExecutor-0_1] [SUCCESS] (zotero) Anonymous (2023)
[ThreadPoolExecutor-0_1] [HYBRID] https://journals.pan.pl/Content/99762?format_id=1...
[ThreadPoolExecutor-0_0] [HYBRID] https://www.polyu.edu.hk/cbs/rclcn/images/cdl_arti...
[ThreadPoolExecutor-0_3] [HYBRID] https://academiccommons.columbia.edu/doi/10.7916/t...
[ThreadPoolExecutor-0_4] [HYBRID] http://sites.lsa.umich.edu/nickellis-new/wp-conten...
[ThreadPoolExecutor-0_2] [HYBRID] https://yuichisuzuki.net/wp-content/uploads/2023/0...
[ThreadPoolExecutor-0_4] [HYBRID] https://sussex.figshare.com/articles/journal_contr...
[ThreadPoolExecutor-0_3] [HYBRID] https://core.ac.uk/download/pdf/144851496.pdf...
[ThreadPoolExecutor-0_4] [SUCCESS] (zotero) Anonymous (n.d.)
[ThreadPoolExecutor-0_4] [HYBRID] https://helda.helsinki.fi/bitstreams/53e66793-ebbf...
[ThreadPoolExecutor-0_0] [HYBRID] https://www.researchgate.net/publication/330118151...
[ThreadPoolExecutor-0_4] [SUCCESS] (zotero) Anonymous (n.d.)
[ThreadPoolExecutor-0_4] [HYBRID] https://kar.kent.ac.uk/86154/1/317671.pdf...
[ThreadPoolExecutor-0_0] [HYBRID] https://globaljournals.org/GJHSS_Volume15/E-Journa...
[ThreadPoolExecutor-0_2] [HYBRID] https://repository.usfca.edu/context/capstone/arti...
[ThreadPoolExecutor-0_2] [SUCCESS] (zotero) Anonymous (n.d.)
[ThreadPoolExecutor-0_2] [HYBRID] https://files.eric.ed.gov/fulltext/EJ1044345.pdf...
[ThreadPoolExecutor-0_3] [HYBRID] https://openaccess.wgtn.ac.nz/articles/journal_con...
[ThreadPoolExecutor-0_2] [HYBRID] https://www.researchgate.net/publication/233662496...
[ThreadPoolExecutor-0_3] [SUCCESS] (zotero) Anonymous (n.d.)
[ThreadPoolExecutor-0_3] [HYBRID] https://files.eric.ed.gov/fulltext/EJ887873.pdf...
[ThreadPoolExecutor-0_2] [HYBRID] https://scholarspace.manoa.hawaii.edu/server/api/c...
[ThreadPoolExecutor-0_3] [HYBRID] https://nflrc.hawaii.edu/rfl/item-detail/206...
[ThreadPoolExecutor-0_2] [HYBRID] https://www.wgtn.ac.nz/lals/resources/paul-nations...
[ThreadPoolExecutor-0_3] [HYBRID] https://grdspublishing.org/index.php/people/articl...
[ThreadPoolExecutor-0_2] [HYBRID] https://files.eric.ed.gov/fulltext/EJ848307.pdf...
[ThreadPoolExecutor-0_2] [HYBRID] https://www.researchgate.net/publication/362251122...
[ThreadPoolExecutor-0_2] [HYBRID] https://eclass.uoa.gr/modules/document/file.php/GS...
[ThreadPoolExecutor-0_2] [HYBRID] https://ife.ens-lyon.fr/publications/edition-elect...
[ThreadPoolExecutor-0_3] [HYBRID] https://media.electre-ng.com/extraits/extrait-id/d...
[ThreadPoolExecutor-0_2] [HYBRID] https://catalog.hathitrust.org/Record/100351671...
[ThreadPoolExecutor-0_0] [HYBRID] https://shs.cairn.info/les-neologismes--9782130815...
[ThreadPoolExecutor-0_1] [HYBRID] https://books.google.com.om/books?id=gf5zpOtMVMsC\...
[ThreadPoolExecutor-0_2] [HYBRID] https://www.arretetonchar.fr/wp-content/uploads/20...
[ThreadPoolExecutor-0_0] [HYBRID] https://shs.cairn.info/article/LF_167_0031/pdf?lan...
[ThreadPoolExecutor-0_3] [HYBRID] https://www.readingrockets.org/resources/resource-...
[ThreadPoolExecutor-0_1] [HYBRID] https://files.eric.ed.gov/fulltext/ED438530.pdf...
[ThreadPoolExecutor-0_0] [HYBRID] https://www.researchgate.net/publication/362488361...
[ThreadPoolExecutor-0_2] [HYBRID] https://journalhosting.ucalgary.ca/index.php/cjnse...
[ThreadPoolExecutor-0_0] [HYBRID] https://scholarspace.manoa.hawaii.edu/bitstreams/7...
[ThreadPoolExecutor-0_3] [SUCCESS] (zotero) Anonymous (1974)
[ThreadPoolExecutor-0_3] [HYBRID] https://www.scribd.com/document/666597313/Grabe-Re...
[ThreadPoolExecutor-0_1] [HYBRID] https://tcl.camws.org/sites/default/files/TCL_I_i_...
[ThreadPoolExecutor-0_3] [SUCCESS] (zotero) Anonymous (n.d.)
[ThreadPoolExecutor-0_3] [HYBRID] https://enl.auth.gr/gala/14th/Papers/English%20pap...
[ThreadPoolExecutor-0_3] [HYBRID] https://journals.uvic.ca/index.php/arbutus/article...
[ThreadPoolExecutor-0_4] [HYBRID] http://www2.hawaii.edu/~readfl/rfl/April2008/pang/...
[ThreadPoolExecutor-0_0] [HYBRID] https://academic.oup.com/ijl/article/38/3/219/8158...
[ThreadPoolExecutor-0_2] [HYBRID] https://www.academypublication.com/issues/past/jlt...
[ThreadPoolExecutor-0_0] [HYBRID] https://d-nb.info/1017708479/34...
[ThreadPoolExecutor-0_4] [SUCCESS] (zotero) Anonymous (n.d.)
[ThreadPoolExecutor-0_4] [HYBRID] https://www.bbbg.org/second-language-writing-clt/...
[ThreadPoolExecutor-0_4] [SUCCESS] (zotero) Anonymous (2022)
[ThreadPoolExecutor-0_4] [HYBRID] https://ro.uow.edu.au/ndownloader/files/50524644...
[ThreadPoolExecutor-0_4] [SUCCESS] (zotero) Anonymous (n.d.)
[ThreadPoolExecutor-0_4] [HYBRID] https://www.researchgate.net/publication/231891245...
[ThreadPoolExecutor-0_0] [HYBRID] https://brainlang.georgetown.edu/research/declarat...
[ThreadPoolExecutor-0_0] [SUCCESS] (zotero) Anonymous (n.d.)
[ThreadPoolExecutor-0_0] [HYBRID] https://acesin.letras.ufrj.br/wp-content/uploads/2...
[ThreadPoolExecutor-0_2] [HYBRID] https://www.polyu.edu.hk/cbs/rclcn/images/cdl_arti...
[ThreadPoolExecutor-0_4] [HYBRID] https://bpb-us-w2.wpmucdn.com/sites.udel.edu/dist/...
[ThreadPoolExecutor-0_4] [SUCCESS] (zotero) Anonymous (n.d.)
[ThreadPoolExecutor-0_4] [HYBRID] https://papers.iafor.org/wp-content/uploads/papers...
[ThreadPoolExecutor-0_3] [HYBRID] https://en.wikipedia.org/wiki/Input_hypothesis...
[ThreadPoolExecutor-0_3] [SUCCESS] (zotero) Anonymous (2025)
[ThreadPoolExecutor-0_3] [HYBRID] https://apps.esc1.net/ProfessionalDevelopment/uplo...
[ThreadPoolExecutor-0_4] [HYBRID] https://thepatrologist.com/2017/03/25/some-ramblin...
[ThreadPoolExecutor-0_0] [HYBRID] https://research-management.mq.edu.au/ws/portalfil...
[ThreadPoolExecutor-0_1] [HYBRID] https://files.eric.ed.gov/fulltext/EJ791535.pdf...
[ThreadPoolExecutor-0_4] [SUCCESS] (zotero) Anonymous (2017)
[ThreadPoolExecutor-0_4] [HYBRID] https://crossworks.holycross.edu/cgi/viewcontent.c...
[ThreadPoolExecutor-0_1] [HYBRID] https://www.polisjerusalem.org/about/the-polis-met...
[ThreadPoolExecutor-0_4] [SUCCESS] (zotero) Anonymous (n.d.)
[ThreadPoolExecutor-0_4] [HYBRID] https://www.polisjerusalem.org/research/...
[ThreadPoolExecutor-0_2] [HYBRID] https://dokumen.pub/communicative-approaches-for-a...
[ThreadPoolExecutor-0_1] [HYBRID] https://tcl.camws.org/sites/default/files/Vol%2013...
[ThreadPoolExecutor-0_4] [HYBRID] https://en.wikipedia.org/wiki/Total_physical_respo...
[ThreadPoolExecutor-0_2] [HYBRID] https://sciencescholar.us/journal/index.php/ijhs/a...
[ThreadPoolExecutor-0_4] [SUCCESS] (zotero) Anonymous (2026)
[ThreadPoolExecutor-0_4] [HYBRID] https://www.polisjerusalem.org/new-latin-language-...
[ThreadPoolExecutor-0_2] [HYBRID] https://www.uaustin.org/immersion-conference...
[ThreadPoolExecutor-0_1] [HYBRID] https://www.researchgate.net/profile/Batia-Laufer/...
[ThreadPoolExecutor-0_0] [HYBRID] https://scholarspace.manoa.hawaii.edu/bitstreams/c...
[ThreadPoolExecutor-0_4] [HYBRID] https://files.eric.ed.gov/fulltext/EJ887873.pdf...
[ThreadPoolExecutor-0_2] [SUCCESS] (zotero) Anonymous (n.d.)
[ThreadPoolExecutor-0_2] [HYBRID] https://scholarspace.manoa.hawaii.edu/server/api/c...
[ThreadPoolExecutor-0_1] [HYBRID] https://www.researchgate.net/publication/234651421...
[ThreadPoolExecutor-0_1] [HYBRID] https://www.lextutor.ca/cover/papers/schmitt_etal_...
[ThreadPoolExecutor-0_4] [HYBRID] https://www.researchgate.net/publication/229863977...
[ThreadPoolExecutor-0_4] [HYBRID] https://www.researchgate.net/publication/239928724...
[ThreadPoolExecutor-0_4] [HYBRID] https://jktauber.com/2019/11/05/subcorpus-vocabula...
[ThreadPoolExecutor-0_1] [HYBRID] https://academic.oup.com/applij/article/45/6/953/7...
[ThreadPoolExecutor-0_4] [SUCCESS] (zotero) Anonymous (n.d.)
[ThreadPoolExecutor-0_4] [HYBRID] https://scholarspace.manoa.hawaii.edu/server/api/c...
[ThreadPoolExecutor-0_0] [HYBRID] https://education.nsw.gov.au/content/dam/main-educ...
[ThreadPoolExecutor-0_2] [HYBRID] https://www.voyagersopris.com/vsl/blog/what-is-aut...
[ThreadPoolExecutor-0_1] [HYBRID] https://en.wikipedia.org/wiki/Split_attention_effe...
[ThreadPoolExecutor-0_2] [SUCCESS] (zotero) Anonymous (n.d.)
[ThreadPoolExecutor-0_2] [HYBRID] https://aare.edu.au/data/publications/1997/yeuna15...
[ThreadPoolExecutor-0_1] [SUCCESS] (zotero) Anonymous (2025)
[ThreadPoolExecutor-0_1] [HYBRID] https://www.reddit.com/r/languagelearning/comments...
[ThreadPoolExecutor-0_1] [HYBRID] https://www.colorado.edu/ics/sites/default/files/a...
[ThreadPoolExecutor-0_4] [HYBRID] https://discourses.org/wp-content/uploads/2022/06/...
[ThreadPoolExecutor-0_1] [HYBRID] https://tidsskrift.dk/her/article/download/21422/1...
[ThreadPoolExecutor-0_2] [HYBRID] https://wiki.digitalclassicist.org/Morphological_p...
[ThreadPoolExecutor-0_3] [HYBRID] https://en.wikipedia.org/wiki/Neuronal_recycling_h...
[ThreadPoolExecutor-0_1] [HYBRID] https://www.researchgate.net/publication/5668574_R...
[ThreadPoolExecutor-0_4] [HYBRID] https://www.researchgate.net/publication/271158569...
[ThreadPoolExecutor-0_1] [HYBRID] https://eclass.uoa.gr/modules/document/file.php/GS...
[ThreadPoolExecutor-0_0] [HYBRID] https://bpb-us-w2.wpmucdn.com/sites.udel.edu/dist/...
[ThreadPoolExecutor-0_2] [HYBRID] https://academic.oup.com/applij/advance-article/do...
[ThreadPoolExecutor-0_4] [HYBRID] https://www.transparent.com/about/methodology...
[ThreadPoolExecutor-0_0] [SUCCESS] (zotero) Anonymous (n.d.)
[ThreadPoolExecutor-0_0] [HYBRID] https://digibug.ugr.es/bitstream/10481/28284/1/tfm...
[ThreadPoolExecutor-0_3] [SUCCESS] (zotero) Anonymous (2025)
[ThreadPoolExecutor-0_3] [HYBRID] https://www.researchgate.net/publication/272560615...
[ThreadPoolExecutor-0_1] [HYBRID] https://www.frontiersin.org/journals/communication...
[ThreadPoolExecutor-0_4] [SUCCESS] (zotero) Anonymous (n.d.)
[ThreadPoolExecutor-0_4] [HYBRID] https://dcc.dickinson.edu/vocab/core-vocabulary...
[ThreadPoolExecutor-0_3] [HYBRID] https://magisterp.com/2021/02/23/text-coverage-dcc...
[ThreadPoolExecutor-0_2] [HYBRID] https://www.scribd.com/document/323989518/Major-Wi...
[ThreadPoolExecutor-0_4] [SUCCESS] (zotero) Anonymous (n.d.)
[ThreadPoolExecutor-0_4] [HYBRID] https://tcl.camws.org/sites/default/files/Trzaskom...
[ThreadPoolExecutor-0_3] [SUCCESS] (zotero) Anonymous (2021)
[ThreadPoolExecutor-0_3] [HYBRID] https://blogs.dickinson.edu/dcc/2012/08/31/the-fut...
[ThreadPoolExecutor-0_2] [SUCCESS] (zotero) Anonymous (n.d.)
[ThreadPoolExecutor-0_2] [HYBRID] https://ntgreeketal.com/2024/06/25/looking-for-an-...
[ThreadPoolExecutor-0_3] [SUCCESS] (zotero) Anonymous (2012)
[ThreadPoolExecutor-0_3] [HYBRID] https://www.textkit.com/t/graded-readers-in-ancien...
[ThreadPoolExecutor-0_2] [SUCCESS] (zotero) Anonymous (2024)
[ThreadPoolExecutor-0_2] [HYBRID] https://www.teacherspayteachers.com/browse?search=...
[ThreadPoolExecutor-0_3] [SUCCESS] (zotero) Anonymous (2017)
[ThreadPoolExecutor-0_3] [HYBRID] https://www.scribd.com/document/698028361/Andrew-O...
[ThreadPoolExecutor-0_3] [SUCCESS] (zotero) Anonymous (n.d.)
[ThreadPoolExecutor-0_3] [HYBRID] https://www.reddit.com/r/AncientGreek/comments/p08...
[ThreadPoolExecutor-0_3] [HYBRID] https://www.reddit.com/r/latin/comments/1hbcabs/a_...
[ThreadPoolExecutor-0_2] [SUCCESS] (zotero) Anonymous (n.d.)
[ThreadPoolExecutor-0_4] [HYBRID] https://files.eric.ed.gov/fulltext/EJ759833.pdf...
[ThreadPoolExecutor-0_0] [HYBRID] https://tcl.camws.org/sites/default/files/Vol%2013...
[ThreadPoolExecutor-0_2] [HYBRID] https://www.polisjerusalem.org/about/the-polis-met...
[ThreadPoolExecutor-0_3] [HYBRID] https://www.youtube.com/watch?v=GVB1Vw40ELM...
[ThreadPoolExecutor-0_4] [HYBRID] https://www.sdkrashen.com/content/books/principles...
[ThreadPoolExecutor-0_1] [HYBRID] https://apps.esc1.net/ProfessionalDevelopment/uplo...
[ThreadPoolExecutor-0_2] [HYBRID] https://en.wikipedia.org/wiki/Input_hypothesis...
[ThreadPoolExecutor-0_1] [HYBRID] https://files.eric.ed.gov/fulltext/EJ1311570.pdf...
[ThreadPoolExecutor-0_3] [SUCCESS] (zotero) Anonymous (n.d.)
[ThreadPoolExecutor-0_3] [HYBRID] https://www.researchgate.net/publication/378700427...
[ThreadPoolExecutor-0_2] [SUCCESS] (zotero) Anonymous (2025)
[ThreadPoolExecutor-0_2] [HYBRID] https://en.wikipedia.org/wiki/Input_Processing_the...
[ThreadPoolExecutor-0_3] [HYBRID] https://applingtesol.wordpress.com/2023/01/14/vanp...
[ThreadPoolExecutor-0_4] [HYBRID] https://frenchteachernet.blogspot.com/2017/12/what...
[ThreadPoolExecutor-0_1] [HYBRID] http://www.tesl-ej.org/pdf/ej35/r5.pdf...
[ThreadPoolExecutor-0_3] [SUCCESS] (zotero) Anonymous (2023)
[ThreadPoolExecutor-0_3] [HYBRID] https://en.wikipedia.org/wiki/Input_Processing_the...
[ThreadPoolExecutor-0_0] [HYBRID] https://www.researchgate.net/publication/373241383...
[ThreadPoolExecutor-0_2] [SUCCESS] (zotero) Anonymous (2025)
[ThreadPoolExecutor-0_2] [HYBRID] https://www.researchgate.net/publication/373241383...
[ThreadPoolExecutor-0_0] [HYBRID] https://albagutierrez.wordpress.com/2014/02/11/cri...
[ThreadPoolExecutor-0_3] [SUCCESS] (zotero) Anonymous (2025)
[ThreadPoolExecutor-0_3] [HYBRID] https://scispace.com/pdf/comparing-the-effectivene...
[ThreadPoolExecutor-0_2] [HYBRID] https://pdfs.semanticscholar.org/6316/1d1bb465e321...
[ThreadPoolExecutor-0_4] [HYBRID] https://ssl2.cms.fu-berlin.de/geisteswissenschafte...
[ThreadPoolExecutor-0_1] [HYBRID] https://www.polyu.edu.hk/cbs/rclcn/images/cdl_arti...
[ThreadPoolExecutor-0_0] [SUCCESS] (zotero) Anonymous (2014)
[ThreadPoolExecutor-0_0] [HYBRID] https://www.researchgate.net/publication/339482223...
[ThreadPoolExecutor-0_3] [HYBRID] https://en.wikipedia.org/wiki/Procedural_memory...
[ThreadPoolExecutor-0_0] [HYBRID] https://bpb-us-w2.wpmucdn.com/sites.udel.edu/dist/...
[ThreadPoolExecutor-0_3] [SUCCESS] (zotero) Anonymous (2025)
[ThreadPoolExecutor-0_3] [HYBRID] https://revistas.ufrj.br/index.php/rl/article/down...
[ThreadPoolExecutor-0_2] [HYBRID] https://helda.helsinki.fi/bitstreams/53e66793-ebbf...
[ThreadPoolExecutor-0_0] [SUCCESS] (zotero) Anonymous (n.d.)
[ThreadPoolExecutor-0_0] [HYBRID] https://www.researchgate.net/publication/330118151...
[ThreadPoolExecutor-0_0] [HYBRID] https://pure.uva.nl/ws/files/71332770/15475441.202...
[ThreadPoolExecutor-0_2] [SUCCESS] (zotero) Anonymous (n.d.)
[ThreadPoolExecutor-0_2] [HYBRID] https://sites.lsa.umich.edu/nickellis-new/wp-conte...
[ThreadPoolExecutor-0_1] [HYBRID] https://files.eric.ed.gov/fulltext/EJ1409815.pdf...
[ThreadPoolExecutor-0_4] [HYBRID] https://www.researchgate.net/publication/228649463...
[ThreadPoolExecutor-0_2] [HYBRID] https://www.researchgate.net/publication/373241873...
[ThreadPoolExecutor-0_1] [HYBRID] https://cognitivesciencesociety.org/cogsci20/paper...
[ThreadPoolExecutor-0_4] [HYBRID] https://eclass.uoa.gr/modules/document/file.php/GS...
[ThreadPoolExecutor-0_2] [HYBRID] https://www.emrahakman.com/wp-content/uploads/2024...
[ThreadPoolExecutor-0_0] [HYBRID] https://etheses.whiterose.ac.uk/id/eprint/25286/1/...
[ThreadPoolExecutor-0_3] [HYBRID] https://academic.oup.com/applij/article/45/6/953/7...
[ThreadPoolExecutor-0_4] [HYBRID] http://ndl.ethernet.edu.et/bitstream/123456789/544...
[ThreadPoolExecutor-0_3] [HYBRID] https://www.lextutor.ca/cover/papers/nation_2006.p...
[ThreadPoolExecutor-0_1] [HYBRID] https://files.eric.ed.gov/fulltext/EJ1296462.pdf...
[ThreadPoolExecutor-0_1] [HYBRID] https://www.reddit.com/r/dreamingspanish/comments/...
[ThreadPoolExecutor-0_2] [HYBRID] https://www.researchgate.net/publication/234651421...
[ThreadPoolExecutor-0_3] [HYBRID] https://scholarspace.manoa.hawaii.edu/server/api/c...
[ThreadPoolExecutor-0_1] [HYBRID] https://www.polisjerusalem.org/about/the-polis-met...
[ThreadPoolExecutor-0_2] [HYBRID] https://www.youtube.com/watch?v=tJrGaOF-bOw...
[ThreadPoolExecutor-0_4] [HYBRID] https://www.walmart.com/ip/One-Two-Three-Visual-an...
[ThreadPoolExecutor-0_3] [HYBRID] https://www.polisjerusalem.org/resource/speaking-a...
[ThreadPoolExecutor-0_2] [SUCCESS] (zotero) Anonymous (n.d.)
[ThreadPoolExecutor-0_2] [HYBRID] https://tcl.camws.org/sites/default/files/Vol%2013...
[ThreadPoolExecutor-0_4] [SUCCESS] (zotero) Anonymous (n.d.)
[ThreadPoolExecutor-0_4] [HYBRID] https://concordiatheology.org/2019/07/think-and-sp...
[ThreadPoolExecutor-0_4] [SUCCESS] (zotero) Anonymous (2019)
[ThreadPoolExecutor-0_4] [HYBRID] https://archive.org/stream/LaBibleEnSesTraditions/...
[ThreadPoolExecutor-0_1] [HYBRID] https://dokumen.pub/communicative-approaches-for-a...
[ThreadPoolExecutor-0_3] [HYBRID] https://www.youtube.com/watch?v=cNXr9gXxfZY...
[ThreadPoolExecutor-0_0] [HYBRID] https://en.wikipedia.org/wiki/Paul_Nation...
[ThreadPoolExecutor-0_3] [SUCCESS] (zotero) Anonymous (n.d.)
[ThreadPoolExecutor-0_3] [HYBRID] https://www.wgtn.ac.nz/lals/resources/paul-nations...
[ThreadPoolExecutor-0_4] [SUCCESS] (zotero) Anonymous (n.d.)
[ThreadPoolExecutor-0_4] [HYBRID] https://www.victoria.ac.nz/__data/assets/pdf_file/...
[ThreadPoolExecutor-0_1] [HYBRID] https://journals.librarypublishing.arizona.edu/jsl...
[ThreadPoolExecutor-0_0] [SUCCESS] (zotero) Anonymous (2025)
[ThreadPoolExecutor-0_0] [HYBRID] https://journals.us.edu.pl/index.php/TAPSLA/articl...
[ThreadPoolExecutor-0_0] [SUCCESS] (zotero) Anonymous (n.d.)
[ThreadPoolExecutor-0_0] [HYBRID] https://www.victoria.ac.nz/__data/assets/pdf_file/...
[ThreadPoolExecutor-0_3] [HYBRID] https://magisterp.com/2017/05/24/lances-thoughts-o...
[ThreadPoolExecutor-0_2] [HYBRID] https://digitalcommons.liberty.edu/cgi/viewcontent...
[ThreadPoolExecutor-0_3] [SUCCESS] (zotero) Anonymous (2017)
[ThreadPoolExecutor-0_3] [HYBRID] https://www.oakland.edu/Assets/upload/docs/AIS/Iss...
[ThreadPoolExecutor-0_2] [SUCCESS] (zotero) Anonymous (n.d.)
[ThreadPoolExecutor-0_2] [HYBRID] https://www.maramatanga.ac.nz/media/997/download?i...
[ThreadPoolExecutor-0_1] [HYBRID] https://files.eric.ed.gov/fulltext/ED250935.pdf...
[ThreadPoolExecutor-0_4] [HYBRID] https://www.reddit.com/r/AncientGreek/comments/1gh...
[ThreadPoolExecutor-0_0] [HYBRID] https://magisterp.com/2017/02/08/cant-read-greek-u...
[ThreadPoolExecutor-0_3] [HYBRID] https://thepatrologist.com/2021/05/17/communicativ...
[ThreadPoolExecutor-0_4] [HYBRID] https://en.wikipedia.org/wiki/Hapax_legomenon...
[ThreadPoolExecutor-0_0] [SUCCESS] (zotero) Anonymous (2017)
[ThreadPoolExecutor-0_0] [HYBRID] https://www.scribd.com/document/323989518/Major-Wi...
[ThreadPoolExecutor-0_3] [SUCCESS] (zotero) Anonymous (2021)
[ThreadPoolExecutor-0_3] [HYBRID] https://www.promotelatin.org/images/stories/pdf/Gr...
[ThreadPoolExecutor-0_0] [SUCCESS] (zotero) Anonymous (n.d.)
[ThreadPoolExecutor-0_0] [HYBRID] https://dcc.dickinson.edu/vocab/core-vocabulary...
[ThreadPoolExecutor-0_4] [SUCCESS] (zotero) Anonymous (2026)
[ThreadPoolExecutor-0_4] [HYBRID] https://jktauber.com/2019/11/05/subcorpus-vocabula...
[ThreadPoolExecutor-0_4] [SUCCESS] (zotero) Anonymous (n.d.)
[ThreadPoolExecutor-0_4] [HYBRID] https://www.promotelatin.org/images/stories/pdf/Gr...
[ThreadPoolExecutor-0_1] [HYBRID] https://dcc.dickinson.edu/greek-core-list...
[ThreadPoolExecutor-0_0] [SUCCESS] (zotero) Anonymous (n.d.)
[ThreadPoolExecutor-0_0] [HYBRID] https://intl.allstora.com/products/core-latin-and-...
[ThreadPoolExecutor-0_1] [SUCCESS] (zotero) Anonymous (n.d.)
[ThreadPoolExecutor-0_1] [HYBRID] https://camws.org/cpl/cplonline/files/Majorcplonli...
[ThreadPoolExecutor-0_4] [HYBRID] https://www.reddit.com/r/linguistics/comments/cken...
[ThreadPoolExecutor-0_0] [SUCCESS] (zotero) Anonymous (n.d.)
[ThreadPoolExecutor-0_0] [HYBRID] https://jktauber.com/2015/10/30/core-vocabulary-ne...
[ThreadPoolExecutor-0_3] [HYBRID] https://www.ibiblio.org/bgreek/forum/viewtopic.php...
[ThreadPoolExecutor-0_0] [SUCCESS] (zotero) Anonymous (n.d.)
[ThreadPoolExecutor-0_0] [HYBRID] https://www.mdpi.com/2076-328X/16/1/90...
[ThreadPoolExecutor-0_4] [HYBRID] https://scholarsarchive.byu.edu/cgi/viewcontent.cg...
[ThreadPoolExecutor-0_3] [SUCCESS] (zotero) Anonymous (n.d.)
[ThreadPoolExecutor-0_3] [HYBRID] https://scholarship.miami.edu/view/pdfCoverPage?in...
[ThreadPoolExecutor-0_0] [HYBRID] https://sites.pitt.edu/~perfetti/PDF/Nation.pdf...
[ThreadPoolExecutor-0_4] [SUCCESS] (zotero) Anonymous (n.d.)
[ThreadPoolExecutor-0_4] [HYBRID] https://www.govinfo.gov/content/pkg/GOVPUB-ED-PURL...
[ThreadPoolExecutor-0_1] [HYBRID] https://www.researchgate.net/profile/Norman-Segalo...
[ThreadPoolExecutor-0_2] [HYBRID] https://www.researchgate.net/publication/398629815...
[ThreadPoolExecutor-0_3] [HYBRID] https://scholarspace.manoa.hawaii.edu/bitstreams/8...
[ThreadPoolExecutor-0_2] [HYBRID] https://sites.pitt.edu/\~perfetti/PDF/Lexical%20qu...
[ThreadPoolExecutor-0_1] [HYBRID] https://osf.io/download/t5n8h...
[ThreadPoolExecutor-0_0] [HYBRID] https://dialnet.unirioja.es/descarga/articulo/7588...
[ThreadPoolExecutor-0_2] [HYBRID] https://bibliotekanauki.pl/articles/1371411.pdf...
[ThreadPoolExecutor-0_4] [HYBRID] https://documents.worldbank.org/curated/en/6019314...
[ThreadPoolExecutor-0_0] [HYBRID] https://pure.mpg.de/rest/items/item_2195911/compon...
[ThreadPoolExecutor-0_3] [HYBRID] https://www.wgtn.ac.nz/lals/resources/paul-nations...
[ThreadPoolExecutor-0_2] [HYBRID] https://scholarspace.manoa.hawaii.edu/server/api/c...
[ThreadPoolExecutor-0_3] [HYBRID] https://bhacademic.bhpublishinggroup.com/wp-conten...
[ThreadPoolExecutor-0_0] [HYBRID] https://tcl.camws.org/sites/default/files/TCL_I_i_...
[ThreadPoolExecutor-0_4] [HYBRID] https://tcl.camws.org/sites/default/files/TCL_I_i_...
[ThreadPoolExecutor-0_3] [HYBRID] https://classics.uchicago.edu/people/helma-dik/nif...
[ThreadPoolExecutor-0_1] [HYBRID] https://greekforall.com/intermediate-greek-vocabul...
[ThreadPoolExecutor-0_3] [SUCCESS] (zotero) Anonymous (n.d.)
[ThreadPoolExecutor-0_3] [HYBRID] https://ankiweb.net/shared/info/2036708170...
[ThreadPoolExecutor-0_1] [SUCCESS] (zotero) Anonymous (n.d.)
[ThreadPoolExecutor-0_1] [HYBRID] https://www.reddit.com/r/Koine/comments/1ap7wma/ve...
[ThreadPoolExecutor-0_3] [SUCCESS] (zotero) Anonymous (n.d.)
[ThreadPoolExecutor-0_3] [HYBRID] https://www.reddit.com/r/AncientGreek/comments/9zs...
[ThreadPoolExecutor-0_2] [HYBRID] https://www.reddit.com/r/AncientGreek/comments/j9n...
[ThreadPoolExecutor-0_1] [HYBRID] https://www.textkit.com/t/easy-graded-attic-greek-...
[ThreadPoolExecutor-0_2] [HYBRID] https://www.reddit.com/r/AncientGreek/comments/vwn...
[ThreadPoolExecutor-0_3] [HYBRID] https://tcl.camws.org/sites/default/files/Vol%2013...
[ThreadPoolExecutor-0_2] [HYBRID] https://www.polisjerusalem.org/resource/speaking-a...
[ThreadPoolExecutor-0_1] [SUCCESS] (zotero) Anonymous (2009)
[ThreadPoolExecutor-0_1] [HYBRID] https://www.polisjerusalem.org/language/ancient-gr...
[ThreadPoolExecutor-0_2] [HYBRID] https://community.biblingo.org/c/help-center/how-b...
[ThreadPoolExecutor-0_1] [HYBRID] https://community.biblingo.org/c/whats-new/bibling...
[ThreadPoolExecutor-0_3] [HYBRID] https://bridge.haverford.edu/oracle/Greek/...
[ThreadPoolExecutor-0_2] [SUCCESS] (zotero) Anonymous (n.d.)
[ThreadPoolExecutor-0_2] [HYBRID] https://openaccess.wgtn.ac.nz/articles/journal_con...
[ThreadPoolExecutor-0_1] [SUCCESS] (zotero) Anonymous (n.d.)
[ThreadPoolExecutor-0_1] [HYBRID] https://www.researchgate.net/publication/245539173...
[ThreadPoolExecutor-0_2] [SUCCESS] (zotero) Anonymous (n.d.)
[ThreadPoolExecutor-0_2] [HYBRID] https://scholarspace.manoa.hawaii.edu/server/api/c...
[ThreadPoolExecutor-0_3] [SUCCESS] (zotero) Anonymous (n.d.)
[ThreadPoolExecutor-0_3] [HYBRID] https://jktauber.com/2019/11/05/subcorpus-vocabula...
[ThreadPoolExecutor-0_4] [HYBRID] https://scholarspace.manoa.hawaii.edu/bitstreams/9...
[ThreadPoolExecutor-0_1] [HYBRID] https://scholarspace.manoa.hawaii.edu/server/api/c...
[ThreadPoolExecutor-0_0] [HYBRID] https://academic.oup.com/applij/article/45/6/953/7...
[ThreadPoolExecutor-0_3] [SUCCESS] (zotero) Anonymous (n.d.)
[ThreadPoolExecutor-0_3] [HYBRID] https://www.researchgate.net/publication/248424656...
[ThreadPoolExecutor-0_0] [HYBRID] https://repository.stcloudstate.edu/cgi/viewconten...
[ThreadPoolExecutor-0_3] [HYBRID] https://www.researchgate.net/publication/234651421...
[ThreadPoolExecutor-0_0] [SUCCESS] (zotero) Anonymous (n.d.)
[ThreadPoolExecutor-0_0] [HYBRID] https://www.cambridge.org/core/services/aop-cambri...
[ThreadPoolExecutor-0_3] [HYBRID] http://www2.hawaii.edu/\~readfl/rfl/October2008/pr...
[ThreadPoolExecutor-0_2] [HYBRID] https://www.researchgate.net/publication/223771511...
[ThreadPoolExecutor-0_3] [SUCCESS] (zotero) Anonymous (n.d.)
[ThreadPoolExecutor-0_3] [HYBRID] https://aare.edu.au/data/publications/1997/yeuna15...
[ThreadPoolExecutor-0_0] [HYBRID] https://yorkspace.library.yorku.ca/bitstreams/a175...
[ThreadPoolExecutor-0_2] [HYBRID] https://www.reddit.com/r/AncientGreek/comments/1mm...
[ThreadPoolExecutor-0_2] [HYBRID] https://en.wikipedia.org/wiki/Hapax_legomenon#:~:t...
[ThreadPoolExecutor-0_4] [HYBRID] https://en.wikipedia.org/wiki/Zipf%27s_law...
[ThreadPoolExecutor-0_2] [SUCCESS] (zotero) Anonymous (2026)
[ThreadPoolExecutor-0_2] [HYBRID] https://dcc.dickinson.edu/vocab/core-vocabulary...
[ThreadPoolExecutor-0_4] [SUCCESS] (zotero) Anonymous (2026)
[ThreadPoolExecutor-0_4] [HYBRID] https://dcc.dickinson.edu/greek-core-list...
[ThreadPoolExecutor-0_1] [HYBRID] https://en.wikipedia.org/wiki/Hapax_legomenon...
[ThreadPoolExecutor-0_2] [SUCCESS] (zotero) Anonymous (n.d.)
[ThreadPoolExecutor-0_2] [HYBRID] https://www.reddit.com/r/AncientGreek/comments/n3x...
[ThreadPoolExecutor-0_2] [HYBRID] https://pmc.ncbi.nlm.nih.gov/articles/PMC11720858/...
[ThreadPoolExecutor-0_1] [SUCCESS] (zotero) Anonymous (2026)
[ThreadPoolExecutor-0_1] [HYBRID] https://onlit.org/wp-content/uploads/2023/08/Morph...
[ThreadPoolExecutor-0_3] [HYBRID] https://teachingideas4u.com/blog/2023/06/unlocking...
[ThreadPoolExecutor-0_4] [SUCCESS] (zotero) Anonymous (n.d.)
[ThreadPoolExecutor-0_4] [HYBRID] https://www.researchgate.net/publication/367123769...
[ThreadPoolExecutor-0_3] [SUCCESS] (zotero) Anonymous (n.d.)
[ThreadPoolExecutor-0_3] [HYBRID] https://apps.apple.com/us/app/jact-vocab/id3482776...
[ThreadPoolExecutor-0_2] [SUCCESS] (zotero) Amenta, Simona and Foppolo, Francesca and Badan, Linda (n.d.)
[ThreadPoolExecutor-0_2] [HYBRID] https://thepatrologist.com/2017/01/31/reading-gree...
[ThreadPoolExecutor-0_4] [HYBRID] https://www.textkit.com/t/guidance-with-jacts-read...
[ThreadPoolExecutor-0_3] [SUCCESS] (zotero) Anonymous (2025)
[ThreadPoolExecutor-0_3] [HYBRID] https://magisterp.com/2017/02/08/cant-read-greek-u...
[ThreadPoolExecutor-0_2] [SUCCESS] (zotero) Anonymous (2017)
[ThreadPoolExecutor-0_2] [HYBRID] https://forums.welltrainedmind.com/topic/83103-com...
[ThreadPoolExecutor-0_4] [SUCCESS] (zotero) Anonymous (2021)
[ThreadPoolExecutor-0_4] [HYBRID] https://thepatrologist.com/2017/07/03/so-you-want-...
[ThreadPoolExecutor-0_3] [SUCCESS] (zotero) Anonymous (2017)
[ThreadPoolExecutor-0_3] [HYBRID] https://gnomevillecomics.com/tag/graded-readers/...
[ThreadPoolExecutor-0_4] [SUCCESS] (zotero) Anonymous (2017)
[ThreadPoolExecutor-0_3] [SUCCESS] (zotero) Anonymous (2025)
[ThreadPoolExecutor-0_4] [HYBRID] https://www.textkit.com/t/alexandros-to-hellenikon...
[ThreadPoolExecutor-0_3] [HYBRID] https://tcl.camws.org/sites/default/files/TCL%208....
[ThreadPoolExecutor-0_2] [HYBRID] https://www.polisjerusalem.org/resource/speaking-a...
[ThreadPoolExecutor-0_4] [SUCCESS] (zotero) Anonymous (2017)
[ThreadPoolExecutor-0_4] [HYBRID] https://www.polisjerusalem.org/about/the-polis-met...
[ThreadPoolExecutor-0_1] [HYBRID] https://greek-learner-texts.org/...
[ThreadPoolExecutor-0_0] [HYBRID] https://seumasjeltzz.github.io/LinguaeGraecaePerSe...
[ThreadPoolExecutor-0_1] [SUCCESS] (zotero) Team, The GLTP (n.d.)
[ThreadPoolExecutor-0_1] [HYBRID] https://thepatrologist.com/2018/04/17/quantity-and...
[ThreadPoolExecutor-0_0] [SUCCESS] (zotero) Anonymous (n.d.)
[ThreadPoolExecutor-0_0] [HYBRID] https://jktauber.com/2015/10/26/updated-vocabulary...
[ThreadPoolExecutor-0_2] [HYBRID] http://help.biblingo.org/en/articles/8106499-how-t...
[ThreadPoolExecutor-0_0] [SUCCESS] (zotero) Anonymous (n.d.)
[ThreadPoolExecutor-0_0] [HYBRID] http://greekgrammar.wikidot.com/morphological-dril...
[ThreadPoolExecutor-0_1] [SUCCESS] (zotero) Anonymous (2018)
[ThreadPoolExecutor-0_1] [HYBRID] http://www.scielo.org.co/scielo.php?script=sci_art...
[ThreadPoolExecutor-0_2] [SUCCESS] (zotero) Anonymous (n.d.)
[ThreadPoolExecutor-0_2] [HYBRID] https://www.futurelearn.com/info/courses/pte-succe...
[ThreadPoolExecutor-0_0] [SUCCESS] (zotero) Anonymous (n.d.)
[ThreadPoolExecutor-0_0] [HYBRID] https://www.teachingenglish.org.uk/sites/teacheng/...
[ThreadPoolExecutor-0_4] [HYBRID] https://blogs.ntu.edu.sg/hg2014-2014-2/?page_id=85...
[ThreadPoolExecutor-0_1] [HYBRID] https://scholarshare.temple.edu/bitstreams/598abf5...
[ThreadPoolExecutor-0_4] [SUCCESS] (zotero) Anonymous (n.d.)
[ThreadPoolExecutor-0_4] [HYBRID] https://pure.mpg.de/rest/items/item_58534_2/compon...
[ThreadPoolExecutor-0_1] [SUCCESS] (zotero) Anonymous (n.d.)
[ThreadPoolExecutor-0_2] [HYBRID] https://bcdlab.gdufs.edu.cn/Shared_and_separate_me...
[ThreadPoolExecutor-0_1] [HYBRID] https://www.simplypsychology.org/levelsofprocessin...
[ThreadPoolExecutor-0_3] [HYBRID] https://www.researchgate.net/publication/200772647...
[ThreadPoolExecutor-0_1] [SUCCESS] (zotero) Anonymous (2025)
[ThreadPoolExecutor-0_1] [HYBRID] http://wixtedlab.ucsd.edu/publications/Psych%20218...
[ThreadPoolExecutor-0_3] [HYBRID] https://sedf44166f46dac31.jimcontent.com/download/...
[ThreadPoolExecutor-0_4] [HYBRID] https://en.wikipedia.org/wiki/Split_attention_effe...
[ThreadPoolExecutor-0_4] [SUCCESS] (zotero) Anonymous (2025)
[ThreadPoolExecutor-0_4] [HYBRID] https://files.eric.ed.gov/fulltext/ED574893.pdf...
[ThreadPoolExecutor-0_3] [HYBRID] https://scientistsinthemaking.com/flashcards-done-...
[ThreadPoolExecutor-0_1] [HYBRID] https://www.innerdrive.co.uk/blog/cognitive-load-t...
[ThreadPoolExecutor-0_3] [SUCCESS] (zotero) Anonymous (2024)
[ThreadPoolExecutor-0_3] [HYBRID] https://www.researchgate.net/publication/225249172...
[ThreadPoolExecutor-0_3] [HYBRID] https://digitalcommons.georgiasouthern.edu/cgi/vie...
[ThreadPoolExecutor-0_4] [HYBRID] https://www.researchgate.net/publication/344040468...
[ThreadPoolExecutor-0_1] [HYBRID] https://en.apu.ac.jp/rcaps/uploads/fckeditor/publi...
[ThreadPoolExecutor-0_4] [HYBRID] https://www.academypublication.com/issues2/tpls/vo...
[ThreadPoolExecutor-0_3] [SUCCESS] (zotero) Anonymous (n.d.)
[ThreadPoolExecutor-0_3] [HYBRID] https://hispadoc.es/descarga/articulo/4596425.pdf...
[ThreadPoolExecutor-0_2] [HYBRID] https://www.researchgate.net/publication/269094603...
[ThreadPoolExecutor-0_3] [HYBRID] https://www.mdpi.com/2076-328X/15/8/997...
[ThreadPoolExecutor-0_2] [HYBRID] https://preply.com/en/blog/tut-res-guide-to-unders...
[ThreadPoolExecutor-0_3] [HYBRID] https://usnpendbing.wordpress.com/wp-content/uploa...
[ThreadPoolExecutor-0_2] [SUCCESS] (zotero) Anonymous (2024)
[ThreadPoolExecutor-0_2] [HYBRID] https://viden.ncff.dk/DownloadPdf?id=496468...
[ThreadPoolExecutor-0_4] [HYBRID] https://eclass.uoa.gr/modules/document/file.php/GS...
[ThreadPoolExecutor-0_3] [HYBRID] http://wexler.free.fr/library/files/ullman%20(0)%2...
[ThreadPoolExecutor-0_3] [HYBRID] https://pure.hud.ac.uk/ws/files/16917740/Automatiz...
[ThreadPoolExecutor-0_4] [HYBRID] https://calenda.org/1038064?file=1...
[ThreadPoolExecutor-0_2] [HYBRID] https://www.reddit.com/r/homeschool/comments/xtzpr...
[ThreadPoolExecutor-0_1] [HYBRID] https://www.scribd.com/document/822636822/The-BIG-...
[ThreadPoolExecutor-0_2] [HYBRID] https://www.rainbowresource.com/026449.html...
[ThreadPoolExecutor-0_4] [HYBRID] https://www.reddit.com/r/AncientGreek/comments/wr4...
[ThreadPoolExecutor-0_1] [SUCCESS] (zotero) Anonymous (n.d.)
[ThreadPoolExecutor-0_1] [HYBRID] https://dwanethomas.com/lingua-latina-by-hans-orbe...
[ThreadPoolExecutor-0_3] [HYBRID] https://tcl.camws.org/sites/default/files/TCL%208....
[ThreadPoolExecutor-0_4] [HYBRID] https://lacito.cnrs.fr/activite-scientifique/confe...
[ThreadPoolExecutor-0_2] [SUCCESS] (zotero) Anonymous (n.d.)
[ThreadPoolExecutor-0_2] [HYBRID] https://tcl.camws.org/sites/default/files/Vol%2013...
[ThreadPoolExecutor-0_1] [SUCCESS] (zotero) Anonymous (2020)
[ThreadPoolExecutor-0_1] [HYBRID] https://library.oapen.org/bitstream/handle/20.500....
[ThreadPoolExecutor-0_1] [HYBRID] https://www.polisjerusalem.org/about/the-polis-met...
[ThreadPoolExecutor-0_3] [HYBRID] https://le-cep.org/almah-la-vierge-adolescente/...
[ThreadPoolExecutor-0_1] [HYBRID] https://www.youtube.com/watch?v=tJrGaOF-bOw...
[ThreadPoolExecutor-0_2] [HYBRID] https://www.polisjerusalem.org/resource/speaking-a...
[ThreadPoolExecutor-0_4] [HYBRID] https://tcl.camws.org/node/170...
[ThreadPoolExecutor-0_1] [SUCCESS] (zotero) Anonymous (n.d.)
[ThreadPoolExecutor-0_1] [HYBRID] https://en.wikipedia.org/wiki/Total_physical_respo...
[ThreadPoolExecutor-0_2] [HYBRID] https://fest-network.eu/wp-content/uploads/2022/04...
[ThreadPoolExecutor-0_3] [SUCCESS] (zotero) Anonymous (n.d.)
[ThreadPoolExecutor-0_3] [HYBRID] https://openscholarship.wustl.edu/cgi/viewcontent....
[ThreadPoolExecutor-0_4] [SUCCESS] (zotero) Anonymous (n.d.)
[ThreadPoolExecutor-0_4] [HYBRID] https://ancientlibrary.yatsishin.space/download/33...
[ThreadPoolExecutor-0_1] [SUCCESS] (zotero) Anonymous (2026)
[ThreadPoolExecutor-0_1] [HYBRID] https://www.sfdr-cisd.org/media/l2ecumtz/domain-i-...
[ThreadPoolExecutor-0_3] [SUCCESS] (zotero) Anonymous (n.d.)
[ThreadPoolExecutor-0_3] [HYBRID] https://www.pearsonhighered.com/assets/samplechapt...
[ThreadPoolExecutor-0_1] [HYBRID] https://resolve.cambridge.org/core/services/aop-ca...
[ThreadPoolExecutor-0_3] [HYBRID] https://sastra.um.ac.id/wp-content/uploads/2009/10...
[ThreadPoolExecutor-0_1] [SUCCESS] (zotero) Anonymous (1986)
[ThreadPoolExecutor-0_1] [HYBRID] https://www.scribd.com/document/645763281/Applied-...
[ThreadPoolExecutor-0_1] [SUCCESS] (zotero) Anonymous (n.d.)
[ThreadPoolExecutor-0_1] [HYBRID] https://en.wikipedia.org/wiki/Audio-lingual_method...
[ThreadPoolExecutor-0_2] [HYBRID] https://studylib.net/doc/5565026/audio-lingual-app...
[ThreadPoolExecutor-0_3] [HYBRID] https://www.researchgate.net/publication/334042772...
[ThreadPoolExecutor-0_1] [SUCCESS] (zotero) Anonymous (2025)
[ThreadPoolExecutor-0_1] [HYBRID] https://www.researchgate.net/publication/380433898...
[ThreadPoolExecutor-0_2] [HYBRID] https://dspace.univ-tlemcen.dz/bitstreams/f27e0df0...
[ThreadPoolExecutor-0_3] [HYBRID] https://www.researchgate.net/publication/326659121...
[ThreadPoolExecutor-0_1] [HYBRID] https://www.uomus.edu.iq/img/lectures21/MUCLecture...
[ThreadPoolExecutor-0_3] [HYBRID] https://repositorio.ufsc.br/bitstream/handle/12345...
[ThreadPoolExecutor-0_1] [HYBRID] https://www.academypublication.com/issues2/jltr/vo...
[ThreadPoolExecutor-0_3] [HYBRID] http://ndl.ethernet.edu.et/bitstream/123456789/794...
[ThreadPoolExecutor-0_3] [HYBRID] https://vulms.vu.edu.pk/Courses/ENG522/Downloads/D...
[ThreadPoolExecutor-0_3] [HYBRID] https://www.saspublishers.com/article/12709/downlo...
[ThreadPoolExecutor-0_2] [HYBRID] https://www.ijhssi.org/papers/v2(5)/version-3/E252...
[ThreadPoolExecutor-0_4] [HYBRID] https://www.cambridgeenglish.org/images/28906-alte...
[ThreadPoolExecutor-0_0] [HYBRID] https://repository.sustech.edu/jspui/bitstream/123...
[ThreadPoolExecutor-0_2] [HYBRID] https://postscriptum.co.in/wp-content/uploads/2020...
[ThreadPoolExecutor-0_4] [HYBRID] https://www.goodreads.com/book/show/6719017-readin...
[ThreadPoolExecutor-0_4] [SUCCESS] (zotero) Anonymous (n.d.)
[ThreadPoolExecutor-0_4] [HYBRID] https://www.unicog.org/publications/Dehaene%20Revi...
[ThreadPoolExecutor-0_0] [HYBRID] https://www.researchgate.net/publication/365816231...
[ThreadPoolExecutor-0_2] [HYBRID] https://www.researchgate.net/publication/271158569...
[ThreadPoolExecutor-0_0] [HYBRID] https://www.mlsjournals.com/Educational-Research-J...
[ThreadPoolExecutor-0_2] [HYBRID] https://www.researchgate.net/publication/368145969...
[ThreadPoolExecutor-0_4] [HYBRID] https://files.eric.ed.gov/fulltext/EJ1068613.pdf...
[ThreadPoolExecutor-0_2] [HYBRID] https://dspace.nku.edu/server/api/core/bitstreams/...
[ThreadPoolExecutor-0_3] [HYBRID] https://dergipark.org.tr/tr/download/article-file/...
[ThreadPoolExecutor-0_4] [HYBRID] https://search.informit.org/doi/10.3316/informit.2...
[ThreadPoolExecutor-0_1] [HYBRID] https://www.researchgate.net/publication/350718907...
[ThreadPoolExecutor-0_1] [HYBRID] https://files.eric.ed.gov/fulltext/EJ1190595.pdf...
[ThreadPoolExecutor-0_4] [HYBRID] https://apling.engl.iastate.edu/wp-content/uploads...
[ThreadPoolExecutor-0_2] [HYBRID] https://wlclassroom.com/tag/krashen/...
[ThreadPoolExecutor-0_2] [SUCCESS] (zotero) Anonymous (n.d.)
[ThreadPoolExecutor-0_2] [HYBRID] https://www.researchgate.net/publication/326413110...
[ThreadPoolExecutor-0_1] [HYBRID] https://web.pdx.edu/~fischerw/courses/advanced/met...
[ThreadPoolExecutor-0_0] [HYBRID] https://www.sdkrashen.com/content/books/principles...
[ThreadPoolExecutor-0_3] [HYBRID] https://beniko-mason.net/content/articles/krashen-...
[ThreadPoolExecutor-0_2] [HYBRID] https://www.dcp.edu.gov.on.ca/en/curriculum/classi...
[ThreadPoolExecutor-0_0] [HYBRID] https://scottthornbury.wordpress.com/2009/12/27/k-...
[ThreadPoolExecutor-0_3] [HYBRID] https://languagecrush.com/forum/s/members-posts/96...
[ThreadPoolExecutor-0_2] [SUCCESS] (zotero) Anonymous (n.d.)
[ThreadPoolExecutor-0_2] [HYBRID] https://www.ijeltsjournal.org/wp-content/uploads/2...
[ThreadPoolExecutor-0_1] [HYBRID] https://tcl.camws.org/sites/default/files/Vol%2013...
[ThreadPoolExecutor-0_3] [SUCCESS] (zotero) Anonymous (2026)
[ThreadPoolExecutor-0_3] [HYBRID] https://en.wikipedia.org/wiki/Total_physical_respo...
[ThreadPoolExecutor-0_0] [SUCCESS] (zotero) Anonymous (2009)
[ThreadPoolExecutor-0_0] [HYBRID] https://sciencescholar.us/journal/index.php/ijhs/a...
[ThreadPoolExecutor-0_3] [SUCCESS] (zotero) Anonymous (2026)
[ThreadPoolExecutor-0_3] [HYBRID] https://www.gvsu.edu/cms4/asset/777A03CA-E5D1-90B3...
[ThreadPoolExecutor-0_2] [HYBRID] https://he.kendallhunt.com/sites/default/files/upl...
[ThreadPoolExecutor-0_3] [HYBRID] https://usnpendbing.wordpress.com/wp-content/uploa...
[ThreadPoolExecutor-0_0] [HYBRID] https://grammar.katabiblon.com/?page=mo...
[ThreadPoolExecutor-0_1] [HYBRID] https://www.biblicallanguagecenter.com/wp-content/...
[ThreadPoolExecutor-0_3] [HYBRID] https://www.biblicallanguagecenter.com/wp-content/...
[ThreadPoolExecutor-0_2] [HYBRID] https://www.biblicallanguagecenter.com/tag/koine-g...
[ThreadPoolExecutor-0_0] [SUCCESS] (zotero) Anonymous (n.d.)
[ThreadPoolExecutor-0_0] [HYBRID] https://valleyinternational.net/index.php/theijssh...
[ThreadPoolExecutor-0_2] [SUCCESS] (zotero) Anonymous (n.d.)
[ThreadPoolExecutor-0_2] [HYBRID] https://www.researchgate.net/publication/340764791...
[ThreadPoolExecutor-0_0] [HYBRID] https://www.ejournal-stem.org/upload/pdf/stem-2021...
[ThreadPoolExecutor-0_1] [HYBRID] https://publications.aston.ac.uk/id/eprint/30377/1...
[ThreadPoolExecutor-0_3] [HYBRID] https://digitalcommons.liberty.edu/cgi/viewcontent...
[ThreadPoolExecutor-0_2] [HYBRID] https://www.languageinindia.com/june2018/sirishaqu...
[ThreadPoolExecutor-0_3] [SUCCESS] (zotero) Anonymous (n.d.)
[ThreadPoolExecutor-0_3] [HYBRID] https://en.wikipedia.org/wiki/Second-language_acqu...
[ThreadPoolExecutor-0_3] [SUCCESS] (zotero) Anonymous (2025)
[ThreadPoolExecutor-0_3] [HYBRID] https://acumentoday.in/lsrw-way-of-language-learni...
[ThreadPoolExecutor-0_4] [HYBRID] https://www.researchgate.net/publication/258182803...
[ThreadPoolExecutor-0_1] [HYBRID] https://fr.scribd.com/document/435997820/3-LSRW...
[ThreadPoolExecutor-0_2] [HYBRID] https://www.academypublication.com/issues2/tpls/vo...
[ThreadPoolExecutor-0_1] [SUCCESS] (zotero) Anonymous (n.d.)
[ThreadPoolExecutor-0_1] [HYBRID] https://foundinantiquity.com/2022/09/20/why-the-cu...
[ThreadPoolExecutor-0_4] [HYBRID] https://www.reddit.com/r/AncientGreek/comments/ipo...
[ThreadPoolExecutor-0_1] [SUCCESS] (zotero) Anonymous (2022)
[ThreadPoolExecutor-0_1] [HYBRID] https://www.paideiainstitute.org/living_latin_onli...
[ThreadPoolExecutor-0_4] [HYBRID] https://www.gutenberg.org/ebooks/22900.epub.noimag...
[ThreadPoolExecutor-0_1] [SUCCESS] (zotero) Anonymous (n.d.)
[ThreadPoolExecutor-0_1] [HYBRID] https://foundinantiquity.com/2022/07/04/4-interact...
[ThreadPoolExecutor-0_0] [HYBRID] https://www.biblicallanguagecenter.com/author/rand...
[ThreadPoolExecutor-0_1] [SUCCESS] (zotero) Anonymous (2022)
[ThreadPoolExecutor-0_1] [HYBRID] https://tcl.camws.org/node/76...
[ThreadPoolExecutor-0_3] [SUCCESS] (zotero) Anonymous (2019)
[ThreadPoolExecutor-0_3] [HYBRID] https://englishcoachonline.com/blog/fossilization-...
[ThreadPoolExecutor-0_4] [HYBRID] https://fldrc.fsu.edu/research/blog13.shtml...
[ThreadPoolExecutor-0_1] [SUCCESS] (zotero) Anonymous (n.d.)
[ThreadPoolExecutor-0_1] [HYBRID] https://www.rit.edu/ntid/sites/rit.edu.ntid/files/...
[ThreadPoolExecutor-0_2] [HYBRID] https://www.pf.ujep.cz/wp-content/uploads/2018/09/...
[ThreadPoolExecutor-0_4] [SUCCESS] (zotero) Anonymous (n.d.)
[ThreadPoolExecutor-0_4] [HYBRID] https://thepatrologist.com/2021/05/17/communicativ...
[ThreadPoolExecutor-0_3] [SUCCESS] (zotero) Anonymous (2021)
[ThreadPoolExecutor-0_3] [HYBRID] https://eclass.uoa.gr/modules/document/file.php/GS...
[ThreadPoolExecutor-0_4] [SUCCESS] (zotero) Anonymous (2021)
[ThreadPoolExecutor-0_4] [HYBRID] https://dokumen.pub/the-cambridge-handbook-of-lang...
[ThreadPoolExecutor-0_0] [SUCCESS] (zotero) Anonymous (n.d.)
[ThreadPoolExecutor-0_0] [HYBRID] https://direct.mit.edu/nol/article/5/2/360/118965/...
[ThreadPoolExecutor-0_1] [HYBRID] https://www.library.brawnblog.com/TPR2.pdf...
[ThreadPoolExecutor-0_3] [HYBRID] https://elisaarandilla.wordpress.com/what-is-tpr/...
[ThreadPoolExecutor-0_0] [HYBRID] https://www.polisjerusalem.org/resource/speaking-a...
[ThreadPoolExecutor-0_3] [SUCCESS] (zotero) Anonymous (2011)
[ThreadPoolExecutor-0_3] [HYBRID] https://tcl.camws.org/sites/default/files/Vol%2013...
[ThreadPoolExecutor-0_1] [HYBRID] https://usnpendbing.wordpress.com/wp-content/uploa...
[ThreadPoolExecutor-0_2] [HYBRID] https://www2.vobs.at/ludescher/total_physical_resp...
[ThreadPoolExecutor-0_0] [HYBRID] https://eltworkshop.wordpress.com/2008/06/21/the-t...
[ThreadPoolExecutor-0_4] [HYBRID] https://gustavorubinoernesto.com/total-physical-re...
[ThreadPoolExecutor-0_1] [HYBRID] https://www.scribd.com/document/504262505/Asher...
[ThreadPoolExecutor-0_0] [SUCCESS] (zotero) Anonymous (2008)
[ThreadPoolExecutor-0_0] [HYBRID] https://concordiatheology.org/2019/07/think-and-sp...
[ThreadPoolExecutor-0_2] [SUCCESS] (zotero) Anonymous (n.d.)
[ThreadPoolExecutor-0_2] [HYBRID] https://core.ac.uk/download/pdf/12350544.pdf...
[ThreadPoolExecutor-0_1] [SUCCESS] (zotero) Anonymous (n.d.)
[ThreadPoolExecutor-0_1] [HYBRID] https://www.tesolcourse.com/pillars/tesol-training...
[ThreadPoolExecutor-0_4] [SUCCESS] (zotero) Anonymous (2022)
[ThreadPoolExecutor-0_4] [HYBRID] https://jktauber.com/2016/01/13/gouin-language-lea...
[ThreadPoolExecutor-0_4] [SUCCESS] (zotero) Anonymous (n.d.)
[ThreadPoolExecutor-0_4] [HYBRID] https://www.englishclub.com/efl/tefl/tips/history-...
[ThreadPoolExecutor-0_1] [SUCCESS] (zotero) TESOL, ITTT (n.d.)
[ThreadPoolExecutor-0_1] [HYBRID] https://jalt-publications.org/sites/default/files/...
[ThreadPoolExecutor-0_0] [SUCCESS] (zotero) Anonymous (2019)
[ThreadPoolExecutor-0_0] [HYBRID] https://cherrydalepress.com/the-method.html...
[ThreadPoolExecutor-0_4] [HYBRID] https://nara-edu.repo.nii.ac.jp/?action=repository...
[ThreadPoolExecutor-0_0] [SUCCESS] (zotero) Anonymous (n.d.)
[ThreadPoolExecutor-0_0] [HYBRID] https://wlclassroom.com/2012/02/10/using-the-gouin...
[ThreadPoolExecutor-0_0] [SUCCESS] (zotero) Anonymous (2012)
[ThreadPoolExecutor-0_0] [HYBRID] https://methodologyshumenextramurals.wordpress.com...
[ThreadPoolExecutor-0_3] [HYBRID] https://www.scribd.com/document/343717746/The-Art-...
[ThreadPoolExecutor-0_4] [SUCCESS] (zotero) Anonymous (n.d.)
[ThreadPoolExecutor-0_4] [HYBRID] https://www.polisjerusalem.org/about/the-polis-met...
[ThreadPoolExecutor-0_3] [SUCCESS] (zotero) Anonymous (n.d.)
[ThreadPoolExecutor-0_3] [HYBRID] https://www.polisjerusalem.org/new-latin-language-...
[ThreadPoolExecutor-0_1] [HYBRID] https://www.researchgate.net/publication/370113882...
[ThreadPoolExecutor-0_1] [HYBRID] https://ancientlibrary.yatsishin.space/download/33...
[ThreadPoolExecutor-0_3] [HYBRID] https://www.polisjerusalem.org/wp-content/uploads/...
[ThreadPoolExecutor-0_4] [HYBRID] https://methodsoflanguageteaching.byu.edu/teaching...
[ThreadPoolExecutor-0_0] [HYBRID] https://engagedscholarship.csuohio.edu/cgi/viewcon...
[ThreadPoolExecutor-0_4] [SUCCESS] (zotero) Anonymous (n.d.)
[ThreadPoolExecutor-0_4] [HYBRID] http://www.sdkrashen.com/content/articles/2017_who...
[ThreadPoolExecutor-0_0] [SUCCESS] (zotero) Anonymous (n.d.)
[ThreadPoolExecutor-0_0] [HYBRID] https://scholarspace.manoa.hawaii.edu/bitstreams/f...
[ThreadPoolExecutor-0_3] [HYBRID] https://tprsquestionsandanswers.wordpress.com/tag/...
[ThreadPoolExecutor-0_4] [HYBRID] https://files.eric.ed.gov/fulltext/ED482751.pdf...
[ThreadPoolExecutor-0_3] [SUCCESS] (zotero) Anonymous (2025)
[ThreadPoolExecutor-0_3] [HYBRID] https://uknowledge.uky.edu/cgi/viewcontent.cgi?art...
[ThreadPoolExecutor-0_2] [HYBRID] http://theses.univ-poitiers.fr/65850/2020-Bouriga-...
[ThreadPoolExecutor-0_3] [SUCCESS] (zotero) Anonymous (n.d.)
[ThreadPoolExecutor-0_3] [HYBRID] https://www.ressources.plante-et-cite.fr/GEIDEFile...
[ThreadPoolExecutor-0_4] [HYBRID] https://www.youtube.com/watch?v=AylwDR0y0Y8&vl=fr...
[ThreadPoolExecutor-0_0] [HYBRID] https://www.cambridge.org/core/services/aop-cambri...
[ThreadPoolExecutor-0_3] [HYBRID] https://tcl.camws.org/sites/default/files/Vol%2013...
[ThreadPoolExecutor-0_4] [SUCCESS] (zotero) Anonymous (n.d.)
[ThreadPoolExecutor-0_4] [HYBRID] https://www.polisjerusalem.org/about/the-polis-met...
[ThreadPoolExecutor-0_0] [HYBRID] https://ijflt.com/wp-content/uploads/2021/03/IJFLT...
[ThreadPoolExecutor-0_4] [HYBRID] https://dokumen.pub/teaching-latin-contexts-theori...
[ThreadPoolExecutor-0_3] [HYBRID] https://www.researchgate.net/publication/334674110...
[ThreadPoolExecutor-0_0] [HYBRID] https://www.goodreads.com/author/list/16369469.Lan...
[ThreadPoolExecutor-0_3] [HYBRID] https://crossworks.holycross.edu/cgi/viewcontent.c...
[ThreadPoolExecutor-0_0] [SUCCESS] (zotero) Anonymous (n.d.)
[ThreadPoolExecutor-0_0] [HYBRID] http://indwellinglanguage.com/6-questions-to-start...
[ThreadPoolExecutor-0_3] [SUCCESS] (zotero) Anonymous (n.d.)
[ThreadPoolExecutor-0_4] [HYBRID] https://www.tprsbooks.com/tprs-research/...
[ThreadPoolExecutor-0_3] [HYBRID] https://applingtesol.wordpress.com/2023/01/14/vanp...
[ThreadPoolExecutor-0_3] [SUCCESS] (zotero) Anonymous (2023)
[ThreadPoolExecutor-0_3] [HYBRID] https://latinbestpracticescir.files.wordpress.com/...
[ThreadPoolExecutor-0_4] [SUCCESS] (zotero) Anonymous (n.d.)
[ThreadPoolExecutor-0_4] [HYBRID] https://www.researchgate.net/publication/335240603...
[ThreadPoolExecutor-0_0] [HYBRID] https://scholar.google.com/citations?user=g-24J5IA...
[ThreadPoolExecutor-0_4] [HYBRID] https://www.thriftbooks.com/a/lance-piantaggini/27...
[ThreadPoolExecutor-0_0] [HYBRID] https://www.polisjerusalem.org/resurrecting-ancien...
[ThreadPoolExecutor-0_4] [SUCCESS] (zotero) Anonymous (n.d.)
[ThreadPoolExecutor-0_4] [HYBRID] https://www.polisjerusalem.org/new-latin-language-...
[ThreadPoolExecutor-0_3] [HYBRID] https://indwellinglanguage.com/greek-resources/...
[ThreadPoolExecutor-0_4] [HYBRID] https://stanford.edu/~jlmcc/papers/McCMcNaughtonOR...
[ThreadPoolExecutor-0_0] [HYBRID] https://royalsocietypublishing.org/rstb/article/37...
[ThreadPoolExecutor-0_3] [HYBRID] https://www.cnbc.cmu.edu/\~tai/nc19journalclubs/Ku...
[ThreadPoolExecutor-0_2] [HYBRID] https://arxiv.org/html/2403.05175v1...
[ThreadPoolExecutor-0_2] [SUCCESS] (zotero) Anonymous (n.d.)
[ThreadPoolExecutor-0_2] [HYBRID] https://theoracle.glenbrook225.org/top-stories/web...
[ThreadPoolExecutor-0_0] [HYBRID] https://crushschool.com/blog/the-brain-deal-with-c...
[ThreadPoolExecutor-0_3] [HYBRID] https://pmc.ncbi.nlm.nih.gov/articles/PMC10275344/...
[ThreadPoolExecutor-0_0] [SUCCESS] (zotero) Anonymous (n.d.)
[ThreadPoolExecutor-0_0] [HYBRID] https://thedecisionlab.com/reference-guide/psychol...
[ThreadPoolExecutor-0_2] [SUCCESS] (zotero) Rahman, Sara (n.d.)
[ThreadPoolExecutor-0_2] [HYBRID] https://www.psychologicalscience.org/observer/the-...
[ThreadPoolExecutor-0_1] [HYBRID] https://www.brainfacts.org/thinking-sensing-and-be...
[ThreadPoolExecutor-0_2] [HYBRID] https://www.kpu.ca/sites/default/files/Learning%20...
[ThreadPoolExecutor-0_3] [SUCCESS] (zotero) Hulme, Rachael C. and Rodd, Jennifer M. (n.d.)
[ThreadPoolExecutor-0_3] [HYBRID] https://www.researchgate.net/publication/384907167...
[ThreadPoolExecutor-0_0] [SUCCESS] (zotero) Anonymous (n.d.)
[ThreadPoolExecutor-0_0] [HYBRID] https://www.researchgate.net/publication/358406370...
[ThreadPoolExecutor-0_1] [SUCCESS] (zotero) Santoro, Helen (n.d.)
[ThreadPoolExecutor-0_1] [HYBRID] https://www.bcu.ac.uk/exams-and-revision/best-ways...
[ThreadPoolExecutor-0_0] [HYBRID] https://en.wikipedia.org/wiki/Spaced_repetition...
[ThreadPoolExecutor-0_3] [HYBRID] https://www.reddit.com/r/languagelearning/comments...
[ThreadPoolExecutor-0_2] [HYBRID] https://aclanthology.org/2024.bea-1.29.pdf...
[ThreadPoolExecutor-0_3] [HYBRID] https://eclass.uoa.gr/modules/document/file.php/GS...
[ThreadPoolExecutor-0_1] [SUCCESS] (zotero) Anonymous (n.d.)
[ThreadPoolExecutor-0_1] [HYBRID] https://bpb-us-w2.wpmucdn.com/sites.udel.edu/dist/...
[ThreadPoolExecutor-0_0] [SUCCESS] (zotero) Anonymous (2026)
[ThreadPoolExecutor-0_0] [HYBRID] https://www.teachertoolkit.co.uk/2025/12/30/workin...
[ThreadPoolExecutor-0_1] [SUCCESS] (zotero) Anonymous (n.d.)
[ThreadPoolExecutor-0_1] [HYBRID] https://digitalcommons.liberty.edu/cgi/viewcontent...
[ThreadPoolExecutor-0_0] [HYBRID] https://academic.oup.com/applij/article/45/6/953/7...
[ThreadPoolExecutor-0_2] [HYBRID] https://scholarspace.manoa.hawaii.edu/bitstreams/0...
[ThreadPoolExecutor-0_1] [SUCCESS] (zotero) Anonymous (n.d.)
[ThreadPoolExecutor-0_1] [HYBRID] https://digitalcommons.liberty.edu/cgi/viewcontent...
[ThreadPoolExecutor-0_3] [HYBRID] https://jalt-publications.org/content/index.php/je...
[ThreadPoolExecutor-0_0] [HYBRID] http://www2.hawaii.edu/\~readfl/rfl/October2003/wa...
[ThreadPoolExecutor-0_1] [SUCCESS] (zotero) Anonymous (n.d.)
[ThreadPoolExecutor-0_1] [HYBRID] https://erfoundation.org/wordpress/graded-readers/...
[ThreadPoolExecutor-0_0] [HYBRID] https://www.readnaturally.com/research/5-component...
[ThreadPoolExecutor-0_1] [SUCCESS] (zotero) Anonymous (n.d.)
[ThreadPoolExecutor-0_1] [HYBRID] https://acesin.letras.ufrj.br/wp-content/uploads/2...
[ThreadPoolExecutor-0_0] [SUCCESS] (zotero) Anonymous (n.d.)
[ThreadPoolExecutor-0_0] [HYBRID] https://eclass.uoa.gr/modules/document/file.php/GS...
[ThreadPoolExecutor-0_4] [HYBRID] https://bpb-us-w2.wpmucdn.com/sites.udel.edu/dist/...
[ThreadPoolExecutor-0_4] [SUCCESS] (zotero) Anonymous (n.d.)
[ThreadPoolExecutor-0_4] [HYBRID] https://brainlang.georgetown.edu/research/declarat...
[ThreadPoolExecutor-0_0] [HYBRID] https://oxfordre.com/linguistics/display/10.1093/a...
[ThreadPoolExecutor-0_4] [SUCCESS] (zotero) Anonymous (n.d.)
[ThreadPoolExecutor-0_4] [HYBRID] https://www.uv.uio.no/isp/english/research/project...
[ThreadPoolExecutor-0_1] [HYBRID] https://jov.arvojournals.org/article.aspx?articlei...
[ThreadPoolExecutor-0_2] [HYBRID] https://journalhosting.ucalgary.ca/index.php/cjnse...
[ThreadPoolExecutor-0_3] [HYBRID] https://scholarspace.manoa.hawaii.edu/server/api/c...
[ThreadPoolExecutor-0_1] [HYBRID] https://www.wgtn.ac.nz/lals/resources/paul-nations...
[ThreadPoolExecutor-0_4] [SUCCESS] (zotero) Anonymous (n.d.)
[ThreadPoolExecutor-0_4] [HYBRID] https://www.lextutor.ca/cover/papers/nation_2006.p...
[ThreadPoolExecutor-0_1] [HYBRID] https://www.researchgate.net/publication/239928724...
[ThreadPoolExecutor-0_0] [HYBRID] https://thepatrologist.com/2018/03/16/the-disappea...
[ThreadPoolExecutor-0_0] [SUCCESS] (zotero) Anonymous (2018)
[ThreadPoolExecutor-0_0] [HYBRID] https://dergipark.org.tr/en/download/article-file/...
[ThreadPoolExecutor-0_1] [HYBRID] https://tcl.camws.org/sites/default/files/TCL%207....
[ThreadPoolExecutor-0_4] [HYBRID] https://www.reddit.com/r/AncientGreek/comments/16u...
[ThreadPoolExecutor-0_2] [HYBRID] https://indwellinglanguage.com/greek-resources/...
[ThreadPoolExecutor-0_4] [HYBRID] https://www.reddit.com/r/AncientGreek/comments/vwn...
[ThreadPoolExecutor-0_4] [HYBRID] https://www.greek-language.com/LearnGreek-Readers....
[ThreadPoolExecutor-0_0] [HYBRID] https://www.textkit.com/t/easy-graded-attic-greek-...
[ThreadPoolExecutor-0_4] [SUCCESS] (zotero) Anonymous (n.d.)
[ThreadPoolExecutor-0_4] [HYBRID] https://thepatrologist.com/2023/03/08/so-you-want-...
[ThreadPoolExecutor-0_2] [HYBRID] https://www.textkit.com/t/neo-greek-novellas/18634...
[ThreadPoolExecutor-0_4] [SUCCESS] (zotero) Anonymous (2023)
[ThreadPoolExecutor-0_4] [HYBRID] https://thepatrologist.com/...
[ThreadPoolExecutor-0_0] [SUCCESS] (zotero) Anonymous (2009)
[ThreadPoolExecutor-0_0] [HYBRID] https://www.thriftbooks.com/w/rufus-et-lucia-liber...
[ThreadPoolExecutor-0_2] [SUCCESS] (zotero) Anonymous (2021)
[ThreadPoolExecutor-0_2] [HYBRID] https://www.brycehedstrom.com/wp-content/uploads/L...
[ThreadPoolExecutor-0_3] [HYBRID] https://www.youtube.com/watch?v=5bJnpFe3IH8...
[ThreadPoolExecutor-0_0] [SUCCESS] (zotero) Anonymous (n.d.)
[ThreadPoolExecutor-0_0] [HYBRID] https://www.textkit.com/t/the-little-prince-in-anc...
[ThreadPoolExecutor-0_4] [SUCCESS] (zotero) Anonymous (n.d.)
[ThreadPoolExecutor-0_4] [HYBRID] https://glossahouse.com/collections/beginning-inte...
[ThreadPoolExecutor-0_0] [SUCCESS] (zotero) Anonymous (2017)
[ThreadPoolExecutor-0_0] [HYBRID] https://glossahouse.com/products/1-corinthians-a-b...
[ThreadPoolExecutor-0_3] [SUCCESS] (zotero) Anonymous (n.d.)
[ThreadPoolExecutor-0_3] [HYBRID] https://opentrolley.com.sg/Search?PageNumber=7\&Pa...
[ThreadPoolExecutor-0_1] [HYBRID] https://digitalcommons.liberty.edu/cgi/viewcontent...
[ThreadPoolExecutor-0_4] [SUCCESS] (zotero) Anonymous (n.d.)
[ThreadPoolExecutor-0_4] [HYBRID] https://www.teachingenglish.org.uk/professional-de...
[ThreadPoolExecutor-0_0] [SUCCESS] (zotero) Anonymous (n.d.)
[ThreadPoolExecutor-0_0] [HYBRID] https://www.polisjerusalem.org/about/polis-consult...
[ThreadPoolExecutor-0_1] [SUCCESS] (zotero) Anonymous (n.d.)
[ThreadPoolExecutor-0_1] [HYBRID] https://tcl.camws.org/sites/default/files/Vol%2013...
[ThreadPoolExecutor-0_2] [HYBRID] https://vivariumnovum.net/en/language-courses...
[ThreadPoolExecutor-0_3] [HYBRID] https://vivariumnovum.net/en/academy/the-academy/A...
[ThreadPoolExecutor-0_2] [SUCCESS] (zotero) Anonymous (n.d.)
[ThreadPoolExecutor-0_2] [HYBRID] https://www.reddit.com/r/latin/comments/gca8mq/has...
[ThreadPoolExecutor-0_0] [HYBRID] https://www.koinegreek.com/post/a-new-koine-greek-...
[ThreadPoolExecutor-0_2] [HYBRID] https://winebrenner.edu/wp-content/uploads/2024/08...
[ThreadPoolExecutor-0_3] [HYBRID] https://www.reddit.com/r/AncientGreek/comments/1bm...
[ThreadPoolExecutor-0_0] [SUCCESS] (zotero) Anonymous (2020)
[ThreadPoolExecutor-0_0] [HYBRID] https://warwick.ac.uk/fac/soc/philosophy/intranets...
[ThreadPoolExecutor-0_3] [HYBRID] https://pesa.org.au/images/papers/2012-papers-Engl...
[ThreadPoolExecutor-0_1] [HYBRID] http://act-r.psy.cmu.edu/wordpress/wp-content/uplo...
[ThreadPoolExecutor-0_2] [HYBRID] https://gwern.net/doc/iq/1982-anderson-2.pdf...
[ThreadPoolExecutor-0_0] [HYBRID] https://act-r.psy.cmu.edu/wordpress/wp-content/upl...
[ThreadPoolExecutor-0_2] [HYBRID] https://www.researchgate.net/publication/276248216...
[ThreadPoolExecutor-0_0] [HYBRID] https://www.academypublication.com/issues/past/tpl...
[ThreadPoolExecutor-0_2] [HYBRID] https://www.simplypsychology.org/controlled-proces...
[ThreadPoolExecutor-0_2] [SUCCESS] (zotero) Anonymous (2023)
[ThreadPoolExecutor-0_2] [HYBRID] https://apps.dtic.mil/sti/tr/pdf/ADA115078.pdf...
[ThreadPoolExecutor-0_3] [HYBRID] http://wexler.free.fr/library/files/schneider%20(2...
[ThreadPoolExecutor-0_3] [HYBRID] https://gianfrancoconti.com/category/language-acqu...
[ThreadPoolExecutor-0_0] [HYBRID] https://www.researchgate.net/publication/16625732_...
[ThreadPoolExecutor-0_3] [SUCCESS] (zotero) Anonymous (2016)
[ThreadPoolExecutor-0_3] [HYBRID] https://bpb-us-w2.wpmucdn.com/sites.udel.edu/dist/...
[ThreadPoolExecutor-0_3] [SUCCESS] (zotero) Anonymous (n.d.)
[ThreadPoolExecutor-0_0] [HYBRID] https://eclass.uoa.gr/modules/document/file.php/GS...
[ThreadPoolExecutor-0_3] [HYBRID] https://acesin.letras.ufrj.br/wp-content/uploads/2...
[ThreadPoolExecutor-0_2] [HYBRID] https://www.researchgate.net/publication/310811266...
[ThreadPoolExecutor-0_2] [HYBRID] https://journal.unilak.ac.id/index.php/UTAMAX/arti...
[ThreadPoolExecutor-0_0] [HYBRID] https://sites.lsa.umich.edu/nickellis-new/wp-conte...
[ThreadPoolExecutor-0_3] [HYBRID] https://journals.imist.ma/index.php/languelitterat...
[ThreadPoolExecutor-0_0] [HYBRID] https://discovery.ucl.ac.uk/1498849/3/Rogers%20The...
[ThreadPoolExecutor-0_2] [HYBRID] https://clal.gdufs.edu.cn/Paradis1994.pdf...
[ThreadPoolExecutor-0_3] [HYBRID] https://www.mcgill.ca/linguistics/michel-paradis...
[ThreadPoolExecutor-0_3] [SUCCESS] (zotero) Anonymous (n.d.)
[ThreadPoolExecutor-0_3] [HYBRID] https://www.researchgate.net/publication/361074390...
[ThreadPoolExecutor-0_0] [HYBRID] https://d.lib.msu.edu/etd/48649...
[ThreadPoolExecutor-0_3] [HYBRID] http://psychnet.wustl.edu/memory/wp-content/upload...
[ThreadPoolExecutor-0_0] [HYBRID] https://www.researchgate.net/publication/292461381...
[ThreadPoolExecutor-0_0] [HYBRID] https://pure.mpg.de/rest/items/item_3159081_1/comp...
[ThreadPoolExecutor-0_1] [HYBRID] https://www.polisjerusalem.org/wp-content/uploads/...
[ThreadPoolExecutor-0_3] [HYBRID] https://tcl.camws.org/sites/default/files/Vol%2013...
[ThreadPoolExecutor-0_0] [HYBRID] https://www.reddit.com/r/latin/comments/gvqjfh/gra...
[ThreadPoolExecutor-0_2] [HYBRID] https://www.polisjerusalem.org/news/articles/...
[ThreadPoolExecutor-0_0] [HYBRID] https://tcl.camws.org/sites/default/files/van%20de...
[ThreadPoolExecutor-0_1] [HYBRID] https://dokumen.pub/communicative-approaches-to-an...
[ThreadPoolExecutor-0_2] [HYBRID] https://www.polisjerusalem.org/wp-content/uploads/...
[ThreadPoolExecutor-0_3] [HYBRID] https://www.oregon.gov/ode/educator-resources/stan...
[ThreadPoolExecutor-0_2] [HYBRID] https://avys.omu.edu.tr/storage/app/public/dbuyuka...
[ThreadPoolExecutor-0_1] [HYBRID] https://dialnet.unirioja.es/descarga/articulo/9957...
[ThreadPoolExecutor-0_0] [HYBRID] https://brill.com/downloadpdf/book/edcoll/97890043...
[ThreadPoolExecutor-0_0] [SUCCESS] (zotero) Anonymous (n.d.)
[ThreadPoolExecutor-0_0] [HYBRID] https://www.mdpi.com/2076-328X/15/8/997...
[ThreadPoolExecutor-0_0] [HYBRID] https://spark.bethel.edu/cgi/viewcontent.cgi?artic...
[ThreadPoolExecutor-0_1] [HYBRID] https://files.eric.ed.gov/fulltext/EJ887873.pdf...
[ThreadPoolExecutor-0_2] [HYBRID] https://scholarspace.manoa.hawaii.edu/server/api/c...
[ThreadPoolExecutor-0_0] [SUCCESS] (zotero) Anonymous (n.d.)
[ThreadPoolExecutor-0_0] [HYBRID] https://www.researchgate.net/publication/239928724...
[ThreadPoolExecutor-0_1] [HYBRID] https://repository.stcloudstate.edu/cgi/viewconten...
[ThreadPoolExecutor-0_1] [SUCCESS] (zotero) Anonymous (n.d.)
[ThreadPoolExecutor-0_1] [HYBRID] https://correspo.ccdmd.qc.ca/wp-content/uploads/20...
[ThreadPoolExecutor-0_0] [HYBRID] https://des-livres-pour-changer-de-vie.com/apprend...
[ThreadPoolExecutor-0_3] [HYBRID] https://r-libre.teluq.ca/1086/1/prj002517_CH15_%25...
[ThreadPoolExecutor-0_1] [HYBRID] https://onlineonly.christies.com/s/fine-printed-bo...
[ThreadPoolExecutor-0_0] [SUCCESS] (zotero) Anonymous (2025)
[ThreadPoolExecutor-0_0] [HYBRID] https://referenceworks.brill.com/display/entries/G...
[ThreadPoolExecutor-0_3] [HYBRID] https://journals.openedition.org/anabases/2779...
[ThreadPoolExecutor-0_0] [SUCCESS] (zotero) Anonymous (n.d.)
[ThreadPoolExecutor-0_0] [HYBRID] https://www.researchgate.net/publication/315509552...
[ThreadPoolExecutor-0_2] [HYBRID] https://www.scribd.com/document/55209806/Chrys-C-C...
[ThreadPoolExecutor-0_0] [HYBRID] https://www.reddit.com/r/AncientGreek/comments/1dc...
[ThreadPoolExecutor-0_2] [SUCCESS] (zotero) Anonymous (n.d.)
[ThreadPoolExecutor-0_2] [HYBRID] https://ejournals.epublishing.ekt.gr/index.php/his...
[ThreadPoolExecutor-0_3] [SUCCESS] (zotero) Ballabriga, Alain (2006)
[ThreadPoolExecutor-0_3] [HYBRID] https://tesl-ej.org/wordpress/issues/volume25/ej10...
[ThreadPoolExecutor-0_1] [SUCCESS] (zotero) Anonymous (n.d.)
[ThreadPoolExecutor-0_1] [HYBRID] https://books.openedition.org/editionscnrs/9270...
[ThreadPoolExecutor-0_0] [HYBRID] https://www.gutenberg.org/files/65421/65421-h/6542...
[ThreadPoolExecutor-0_0] [SUCCESS] (zotero) Anonymous (n.d.)
[ThreadPoolExecutor-0_0] [HYBRID] https://www.reddit.com/r/AncientGreek/comments/185...
[ThreadPoolExecutor-0_2] [SUCCESS] (zotero) Perraky, Vivi (2009)
[ThreadPoolExecutor-0_2] [HYBRID] https://triviumpursuit.com/comparison-of-greek-pro...
[ThreadPoolExecutor-0_0] [HYBRID] https://grammar.katabiblon.com/?page=al...
[ThreadPoolExecutor-0_1] [SUCCESS] (zotero) Balibar, Renée and Antoine, Gérald and Martin, Robert (1999)
[ThreadPoolExecutor-0_1] [HYBRID] https://www.biblicallanguagecenter.com/koine-greek...
[ThreadPoolExecutor-0_0] [SUCCESS] (zotero) Anonymous (n.d.)
[ThreadPoolExecutor-0_0] [HYBRID] https://www.epicureanfriends.com/thread/3507-so-yo...
[ThreadPoolExecutor-0_2] [SUCCESS] (zotero) Pursuit, Trivium (n.d.)
[ThreadPoolExecutor-0_2] [HYBRID] https://en.wikipedia.org/wiki/Pronunciation_of_Anc...
[ThreadPoolExecutor-0_2] [SUCCESS] (zotero) Anonymous (2026)
[ThreadPoolExecutor-0_2] [HYBRID] https://expressingmeaning.net/2017/09/12/koine-gre...
[ThreadPoolExecutor-0_0] [SUCCESS] (zotero) Anonymous (n.d.)
[ThreadPoolExecutor-0_0] [HYBRID] https://english.stackexchange.com/questions/11363/...
[ThreadPoolExecutor-0_0] [HYBRID] https://pmc.ncbi.nlm.nih.gov/articles/PMC11352211/...
[ThreadPoolExecutor-0_1] [SUCCESS] (zotero) Schultz, Brian (n.d.)
[ThreadPoolExecutor-0_1] [HYBRID] https://opensiuc.lib.siu.edu/cgi/viewcontent.cgi?a...
[ThreadPoolExecutor-0_1] [SUCCESS] (zotero) Anonymous (n.d.)
[ThreadPoolExecutor-0_1] [HYBRID] https://sites.lsa.umich.edu/nickellis-new/wp-conte...
[ThreadPoolExecutor-0_0] [SUCCESS] (zotero) Flores-Salgado, Elizabeth and Gutiérrez-Koyoc, Aldo Falú (2024)
[ThreadPoolExecutor-0_0] [HYBRID] https://en.wikipedia.org/wiki/Subvocalization...
[ThreadPoolExecutor-0_3] [HYBRID] https://malagaenglish.com/how-subvocalization-enha...
[ThreadPoolExecutor-0_0] [SUCCESS] (zotero) Anonymous (2026)
[ThreadPoolExecutor-0_0] [HYBRID] https://psychology.stackexchange.com/questions/169...
[ThreadPoolExecutor-0_2] [SUCCESS] (zotero) Anonymous (2017)
[ThreadPoolExecutor-0_2] [HYBRID] https://www.cambridge.org/core/journals/studies-in...
[ThreadPoolExecutor-0_1] [HYBRID] https://www.youtube.com/watch?v=VWOjBulEyrs...
[ThreadPoolExecutor-0_3] [SUCCESS] (zotero) Yates, Brett Ordonez (2024)
[ThreadPoolExecutor-0_3] [HYBRID] https://www.biblicallanguagecenter.com/wp-content/...
[ThreadPoolExecutor-0_0] [HYBRID] https://www.polisjerusalem.org/author/crico/...
[ThreadPoolExecutor-0_4] [HYBRID] https://www.reddit.com/r/AncientGreek/comments/1gx...
[ThreadPoolExecutor-0_1] [SUCCESS] (zotero) Anonymous (n.d.)
[ThreadPoolExecutor-0_1] [HYBRID] https://digitalcommons.liberty.edu/cgi/viewcontent...
[ThreadPoolExecutor-0_4] [HYBRID] https://www.reddit.com/r/AncientGreek/comments/185...
[ThreadPoolExecutor-0_4] [HYBRID] https://www.youtube.com/watch?v=CVc_-kexUus...
[ThreadPoolExecutor-0_0] [HYBRID] https://koine-greek.com/2024/04/18/in-praise-of-le...
[ThreadPoolExecutor-0_1] [SUCCESS] (zotero) Anonymous (n.d.)
[ThreadPoolExecutor-0_1] [HYBRID] https://www.reddit.com/r/AncientGreek/comments/1h5...
[ThreadPoolExecutor-0_2] [SUCCESS] (zotero) Mora-Plaza, Ingrid and Mora, Joan C. and Ortega, Mireia and Aliaga-Garcia, Cristina (2024)
[ThreadPoolExecutor-0_2] [HYBRID] https://www.textkit.com/t/learning-ancient-greek-w...
[ThreadPoolExecutor-0_1] [HYBRID] https://www.textkit.com/t/what-pronunciation-schem...
[ThreadPoolExecutor-0_0] [SUCCESS] (zotero) Wright, Travis (2024)
[ThreadPoolExecutor-0_0] [HYBRID] https://lukeranieri.com/lucianpronunciation/...
[ThreadPoolExecutor-0_3] [HYBRID] https://lukeranieri.com/wp-content/uploads/2021/01...
[ThreadPoolExecutor-0_0] [SUCCESS] (zotero) Anonymous (n.d.)
[ThreadPoolExecutor-0_0] [HYBRID] https://www.reddit.com/r/Koine/comments/1df576b/co...
[ThreadPoolExecutor-0_2] [SUCCESS] (zotero) Anonymous (2016)
[ThreadPoolExecutor-0_2] [HYBRID] https://ancientgreek.eu/about.html...
[ThreadPoolExecutor-0_4] [SUCCESS] (zotero) Anonymous (n.d.)
[ThreadPoolExecutor-0_4] [HYBRID] https://www.youtube.com/watch?v=q8qElrxe7KU...
[ThreadPoolExecutor-0_1] [SUCCESS] (zotero) Anonymous (2013)
[ThreadPoolExecutor-0_1] [HYBRID] https://danielbwallace.com/2012/08/24/is-erasmian-...
[ThreadPoolExecutor-0_0] [HYBRID] https://latin.stackexchange.com/questions/17653/re...
[ThreadPoolExecutor-0_2] [SUCCESS] (zotero) Anonymous (n.d.)
[ThreadPoolExecutor-0_2] [HYBRID] https://www.koinegreek.com/koine-pronunciation...
[ThreadPoolExecutor-0_3] [HYBRID] https://www.reddit.com/r/GREEK/comments/4pa04n/pro...
[ThreadPoolExecutor-0_0] [HYBRID] https://scholeacademy.com/courses/25-26y_srs-grk-a...
[ThreadPoolExecutor-0_1] [SUCCESS] (zotero) Wallace, Daniel B. (2012)
[ThreadPoolExecutor-0_1] [HYBRID] https://pasithee.library.upatras.gr/dialogos/artic...
[ThreadPoolExecutor-0_3] [HYBRID] https://books.google.com/books/about/Greek.html?id...
[ThreadPoolExecutor-0_2] [SUCCESS] (zotero) Anonymous (n.d.)
[ThreadPoolExecutor-0_2] [HYBRID] https://bmcr.brynmawr.edu/2011/2011.05.20/...
[ThreadPoolExecutor-0_4] [SUCCESS] (zotero) Anonymous (n.d.)
[ThreadPoolExecutor-0_4] [HYBRID] https://www.goodreads.com/book/show/766928.Medieva...
[ThreadPoolExecutor-0_2] [SUCCESS] (zotero) Horrocks, Geoffrey C. (n.d.)
[ThreadPoolExecutor-0_2] [HYBRID] https://www.abebooks.com/9780521234887/Medieval-Mo...
[ThreadPoolExecutor-0_3] [SUCCESS] (zotero) Horrocks, Geoffrey (2009)
[ThreadPoolExecutor-0_3] [HYBRID] https://www.scribd.com/document/49651097/Browning-...
[ThreadPoolExecutor-0_3] [SUCCESS] (zotero) Anonymous (n.d.)
[ThreadPoolExecutor-0_3] [HYBRID] https://books.google.com/books/about/A_History_of_...
[ThreadPoolExecutor-0_0] [SUCCESS] (zotero) Anonymous (n.d.)
[ThreadPoolExecutor-0_0] [HYBRID] https://books.google.com.cu/books?id=48pKEAAAQBAJ\...
[ThreadPoolExecutor-0_2] [SUCCESS] (zotero) Anonymous (n.d.)
[ThreadPoolExecutor-0_2] [HYBRID] https://smerdaleos.files.wordpress.com/2014/08/188...
[ThreadPoolExecutor-0_4] [SUCCESS] (zotero) Anonymous (n.d.)
[ThreadPoolExecutor-0_4] [HYBRID] https://smerdaleos.files.wordpress.com/2014/08/hor...
[ThreadPoolExecutor-0_0] [HYBRID] https://www.reddit.com/r/AncientGreek/comments/1ka...
[ThreadPoolExecutor-0_3] [SUCCESS] (zotero) Adrados, Francisco Rodríguez (2005)
[ThreadPoolExecutor-0_3] [HYBRID] https://www.quora.com/How-much-overlap-is-there-in...
[ThreadPoolExecutor-0_0] [HYBRID] https://www.reddit.com/r/AskGreece/comments/1nws0o...
[ThreadPoolExecutor-0_3] [HYBRID] https://curriculumonline.ie/getmedia/beade839-3da7...
[ThreadPoolExecutor-0_0] [HYBRID] https://www.researchgate.net/publication/348019881...
[ThreadPoolExecutor-0_0] [HYBRID] https://files.eric.ed.gov/fulltext/EJ887873.pdf...
[ThreadPoolExecutor-0_3] [HYBRID] https://scholarspace.manoa.hawaii.edu/items/eaead4...
[ThreadPoolExecutor-0_1] [HYBRID] https://www.researchgate.net/profile/Batia-Laufer/...
[ThreadPoolExecutor-0_0] [HYBRID] https://nflrc.hawaii.edu/rfl/item-detail/206...
[ThreadPoolExecutor-0_1] [HYBRID] https://www.textkit.com/t/modern-vs-ancient-greek/...
[ThreadPoolExecutor-0_3] [SUCCESS] (zotero) Laufer, Batia and Ravenhorst-Kalovski, Geke C. (2010)
[ThreadPoolExecutor-0_3] [HYBRID] https://www.reddit.com/r/AncientGreek/comments/14q...
[ThreadPoolExecutor-0_1] [SUCCESS] (zotero) Anonymous (2019)
[ThreadPoolExecutor-0_1] [HYBRID] https://latindiscussion.org/threads/youll-learn-an...
[ThreadPoolExecutor-0_3] [HYBRID] https://www.reddit.com/r/AncientGreek/comments/1p0...
[ThreadPoolExecutor-0_1] [SUCCESS] (zotero) Anonymous (2018)
[ThreadPoolExecutor-0_1] [HYBRID] https://books.openedition.org/ugaeditions/10281?la...
[ThreadPoolExecutor-0_0] [HYBRID] https://journals.uni-lj.si/keria/article/download/...
[ThreadPoolExecutor-0_3] [HYBRID] https://www.reddit.com/r/AncientGreek/comments/1dc...
[ThreadPoolExecutor-0_3] [HYBRID] https://en.wikipedia.org/wiki/Pronunciation_of_Anc...
[ThreadPoolExecutor-0_0] [HYBRID] https://ancientlibrary.yatsishin.space/download/33...
[ThreadPoolExecutor-0_3] [SUCCESS] (zotero) Anonymous (2026)
[ThreadPoolExecutor-0_3] [HYBRID] https://www.polisjerusalem.org/faculty/christophe-...
[ThreadPoolExecutor-0_1] [SUCCESS] (zotero) Rico, Christophe and Bastin-Hammou, Malika and Fonio, Filippo and Paré-Rey, Pascale (2019)
[ThreadPoolExecutor-0_1] [HYBRID] https://www.reddit.com/r/AncientGreek/comments/1lr...
[ThreadPoolExecutor-0_1] [HYBRID] https://www.polisjerusalem.org/koine-greek-pronunc...
[ThreadPoolExecutor-0_3] [HYBRID] https://www.arretetonchar.fr/chants-en-grec-ancien...
[ThreadPoolExecutor-0_1] [HYBRID] http://operacritiques.free.fr/css/index.php?q=La+t...
[ThreadPoolExecutor-0_3] [SUCCESS] (zotero) Anonymous (n.d.)
[ThreadPoolExecutor-0_3] [HYBRID] https://www.polisjerusalem.org/about/the-polis-met...
[ThreadPoolExecutor-0_2] [HYBRID] https://www.polisjerusalem.org/author/crico/...
[ThreadPoolExecutor-0_1] [SUCCESS] (zotero) Anonymous (n.d.)
[ThreadPoolExecutor-0_1] [HYBRID] https://books.google.com/books/about/Polis.html?id...
[ThreadPoolExecutor-0_3] [HYBRID] https://tcl.camws.org/sites/default/files/Vol%2013...
[ThreadPoolExecutor-0_2] [HYBRID] https://www.textkit.com/t/greek-pedagogy-communica...
[ThreadPoolExecutor-0_1] [SUCCESS] (zotero) Rico, Christophe and Daise, Michael A. (2015)
[ThreadPoolExecutor-0_1] [HYBRID] https://www.cambridge.org/core/journals/journal-of...
[ThreadPoolExecutor-0_2] [SUCCESS] (zotero) Anonymous (2009)
[ThreadPoolExecutor-0_2] [HYBRID] https://www.cambridge.org/core/journals/journal-of...
[ThreadPoolExecutor-0_1] [SUCCESS] (zotero) Manolidou, Eugenia and Goula, Sophia and Sakka, Vicky (2023)
[ThreadPoolExecutor-0_1] [HYBRID] https://en.wikipedia.org/wiki/Elliniki_Agogi...
[ThreadPoolExecutor-0_3] [HYBRID] https://ellinikiagogi.gr/en/our-method/...
[ThreadPoolExecutor-0_1] [SUCCESS] (zotero) Anonymous (2025)
[ThreadPoolExecutor-0_1] [HYBRID] https://ellinikiagogi.gr/en/teaching-greek-as-a-li...
[ThreadPoolExecutor-0_0] [HYBRID] https://www.arretetonchar.fr/category/enseigner-le...
[ThreadPoolExecutor-0_2] [SUCCESS] (zotero) Manolidou, Eugenia and Goula, Sophia (2024)
[ThreadPoolExecutor-0_2] [HYBRID] https://www.naset.com/publications/the-practical-t...
[ThreadPoolExecutor-0_1] [SUCCESS] (zotero) Anonymous (n.d.)
[ThreadPoolExecutor-0_1] [HYBRID] https://www.reddit.com/r/asklinguistics/comments/1...
[ThreadPoolExecutor-0_2] [SUCCESS] (zotero) Anonymous (2012)
[ThreadPoolExecutor-0_2] [HYBRID] https://fr.scribd.com/doc/59814782/Racines-grecque...
[ThreadPoolExecutor-0_0] [SUCCESS] (zotero) Anonymous (n.d.)
[ThreadPoolExecutor-0_0] [HYBRID] https://www.weareteachers.com/greek-and-latin-root...
[ThreadPoolExecutor-0_1] [HYBRID] https://www.middleweb.com/24135/vocab-how-to-rock-...
[ThreadPoolExecutor-0_2] [SUCCESS] (zotero) Anonymous (n.d.)
[ThreadPoolExecutor-0_2] [HYBRID] https://www.arretetonchar.fr/wp-content/uploads/20...
[ThreadPoolExecutor-0_3] [SUCCESS] (zotero) Anonymous (n.d.)
[ThreadPoolExecutor-0_3] [HYBRID] https://pedagogie.ac-reunion.fr/fileadmin/ANNEXES-...
[ThreadPoolExecutor-0_0] [SUCCESS] (zotero) Education, Jill Staake, B. S. , Secondary ELA (2025)
[ThreadPoolExecutor-0_0] [HYBRID] https://pedagogie.ac-nantes.fr/medias/fichier/prog...
[ThreadPoolExecutor-0_4] [HYBRID] https://www.arretetonchar.fr/wp-content/uploads/20...
[ThreadPoolExecutor-0_2] [HYBRID] https://www.arretetonchar.fr/wp-content/uploads/20...
[ThreadPoolExecutor-0_4] [HYBRID] https://fr.scribd.com/document/459185911/Le-franc-...
[ThreadPoolExecutor-0_1] [SUCCESS] (zotero) Anonymous (2015)
[ThreadPoolExecutor-0_1] [HYBRID] https://patrinum.ch/record/269221/files/md_ms1_p35...
[ThreadPoolExecutor-0_4] [SUCCESS] (zotero) Anonymous (n.d.)
Finished sous-parties/master.bib.
